日期,用户ID,地址,请求经度,请求纬度,车辆编号,用户名称
2015/9/20,100032,北京市石景山区金顶街西路_金景街一区西口拉面馆对面,116.16188,39.927074,I1-5,I1-5(苹果园二线)-金景街一区-天津风味烧饼
2015/9/20,100043,北京市石景山区麻裕北口,116.128769,39.938788,I1-5,苹果园二线－麻裕－上海龙园包子
2015/9/20,100053,北京市石景山区三家店西口,116.1035472,39.9591746,I1-5,I1-5苹果园二线－三家店天津包子
2015/9/20,100055,北京市石景山区五里坨隆恩寺3号院,116.125899,39.971603,I1-5,I1-5(苹果园二线)-五里坨_军休餐厅
2015/9/20,100077,石景山区广宁村复兴街药店旁边,116.144168,39.930615,I1-5,I1-5苹果园二线-广宁村复兴街-水饺凉菜（6环）
2015/9/20,100083,石景山区麻裕北口16号,116.206386,39.9159935,I1-5,I1-5苹果园二线－麻裕－刘记驴肉火烧
2015/9/20,100084,石景山区麻裕北口景源超市对面,116.129372,39.93515,I1-5,苹果园二线－麻裕－麻裕好利友蛋糕大世界
2015/9/20,100085,石景山区麻裕村东街38号菜市场北一百米,116.1701503,39.9351542,I1-5,I1-5苹果园二线-麻裕村东街42号-安徽板面
2015/9/20,100086,石景山区麻裕村东街菜市场北一百米,116.1701503,39.9351542,I1-5,I1-5苹果园二线-麻裕村东街42号-山西面食店
2015/9/20,100102,石景山区五里屯南宫,116.1204888,39.9643818,I1-5,I1-5苹果园二线-五里坨南宫-三家店牛肉拉面
2015/9/20,100103,石景山区五里屯炮厂小区菜市场内,116.1350819,39.9584041,I1-5,I1-5苹果园二线-五里坨-肉夹馍大饼
2015/9/20,100002,北京市海淀区四季青镇杏石口路巨山农场,116.224831,39.952286,I1-6,I1-6(香山南路)-杏石口路巨山农场-晋川美食
2015/9/20,100003,北京市海淀区四季青镇杏石口路巨石农场,116.224252,39.9557686,I1-6,I1-6(香山南路)-老四川农家菜
2015/9/20,100004,北京市海淀区四季青镇杏石口路祁家村,116.224515,39.961568,I1-6,I1-6(香山南路)-杏石口路祁家村-肉夹馍
2015/9/20,100005,北京市海淀区香山街道煤厂街11号,116.198227,39.995621,I1-6,I1-6(香山南路)-香山街道煤厂街11号-刘记天津烧饼
2015/9/20,100006,北京市海淀区香山街道一颗松路东口,116.279724,39.957205,I1-6,I1-6(香山南路)-一颗松路东口-山西面馆
2015/9/20,100007,北京市海淀区杏石口北辛庄双新园车站北侧胡同里,116.213364,39.969662,I1-6,I1-6(香山南路)-杏石口北辛庄_馅馅香小吃
2015/9/20,100008,北京市海淀区杏石口桥西侧香山南路_南辛庄车站西北侧胡同里,116.209091,39.957867,I1-6,I1-6(香山南路)-杏石口_山西面馆
2015/9/20,100010,北京市石景山区八大处路_华北宾馆对面巫山烤全鱼右边,116.196225,39.948086,I1-6,I1-6(香山南路)-西下庄_手抓饼
2015/9/20,100011,北京市石景山区八大处路西黄村北站公交站东侧_鲁香园饭店左边,116.208611,39.932908,I1-6,I1_6香山南路_八大处_驴肉火烧
2015/9/20,100012,北京市石景山区八大处路西黄村后街29号_大馅水饺对面,116.208611,39.932908,I1-6,I1-6(香山南路)-西黄村_山西面馆
2015/9/20,100045,北京市石景山区苹果园八大处路西黄村后街_景园农家菜里面20米,116.208611,39.932908,I1-6,I1-6(香山南路)-八大处_东北快餐
2015/9/20,100050,北京市石景山区苹果园西黄村三角地_西井三区对面,116.199702,39.932129,I1-6,I1-6(香山南路)-八大处_酱骨头春饼店
2015/9/20,100056,北京市石景山区西黄村路入口_西黄村车站北侧往东胡同里,116.208611,39.932908,I1-6,I1-6(香山南路)-西黄村_大饼
2015/9/20,100072,海淀区香山南路南辛庄街内,116.2215614,39.9512192,I1-6,I1-6香山南路-南辛庄-烧饼大饼
2015/9/20,100076,石景山区八大处路西黄村85号,116.208611,39.932908,I1-6,I1-6香山南路-八大处-西黄村手擀面
2015/9/20,100014,北京市石景山区八角衙门口纸库西200米_景阳东街西侧胡同,116.197345,39.895987,I1-7,I1-7(古城二线)-八角衙门口纸库西_新晋面食
2015/9/20,100022,北京市石景山区古城南街50米一村人家饭店旁边,116.1894262,39.8958605,I1-7,I1-7(古城二线)-古城南街-新疆美食兰州拉面
2015/9/20,100024,北京市石景山区古城南街好哥们饭店右侧胡同里,116.1894262,39.8958605,I1-7,I1-7(古城二线)-兰州拉面
2015/9/20,100025,北京市石景山区古城南街基业网吧对面工地200米_好再来饭店旁边,116.191666,39.918083,I1-7,I1-7(古城二线)-古城南街-安徽名吃正宗牛肉板面
2015/9/20,100027,北京市石景山区古城南街基业网吧对面首钢工地300米左侧,116.1894262,39.8958605,I1-7,I1-7(古城二线)-古城南街基业网吧对面-金地拉面
2015/9/20,100028,北京市石景山区古城南街首钢建设公司对面,116.1894262,39.8958605,I1-7,I1-7(古城二线)-天宇东北菜
2015/9/20,100029,北京市石景山区古城南街污水处理厂门西_好哥们饭店右侧胡同内,116.1894262,39.8958605,I1-7,I1-7(古城二线)-古城南街污水处理厂门西-上海包子
2015/9/20,100058,北京市石景山区衙门口村上后街29号京源中学对面,116.21294,39.892027,I1-7,I1-7(古城二线)-衙门口村-陕西凉皮
2015/9/20,100059,北京市石景山区衙门口村上后街29号京源中学对面到了打电话,116.21294,39.892027,I1-7,I1-7(古城二线)-山西凉皮
2015/9/20,100060,北京市石景山区衙门口西后街_物廉美超市右拐胡同内,116.210007,39.888847,I1-7,I1-7(古城二线)-衙门口_牛肉拉面刀削面
2015/9/20,100061,北京市石景山区衙门口小横街,116.210245,39.88302,I1-7,I1-7(古城二线)－八角_东北麻辣烫
2015/9/20,100070,古城南街基业网吧对面工地直行500米,116.1894262,39.8958605,I1-7,I1-7(古城二线)-小重庆三峡
2015/9/20,100071,古城南里七天酒店对面山西面食,116.192017,39.9073,I1-7,I1-7(古城二线)－古城南里七天酒店对面-山西面食
2015/9/20,100046,北京市石景山区苹果园大街京客隆附近,116.18325,39.9331331,I1-8,I1-8(苹果园3)-苹果园大街-牛肉板面
2015/9/20,100047,北京市石景山区苹果园地铁站旁边,116.187381,39.928333,I1-8,I1-8(苹果园3)-老鸭粉丝汤
2015/9/20,100048,北京市石景山区苹果园地铁站新生活大厦底商,116.187381,39.928333,I1-8,I1-8(苹果园3)-苹果园_手抓饼
2015/9/20,100051,北京市石景山区苹果园西井路西口_公交站北侧,116.187381,39.928333,I1-8,I1-8(苹果园3)-西井路西口_聚晋友面馆
2015/9/20,100073,苹果园大街琅山公交站旁边,116.1804376,39.9330187,I1-8,I1-8(苹果园3)～晨光烧饼
2015/9/20,100092,石景山区苹果园地铁站北门旁,116.187381,39.928333,I1-8,I1-8(苹果园3)－苹果园地铁站北门－烤冷面鸡蛋饼
2015/9/20,100093,石景山区苹果园地铁站东边,116.187381,39.928333,I1-8,I1-8(苹果园3)～山西主食
2015/9/20,100094,石景山区苹果园地铁站对面新生活五层美食城,116.187381,39.928333,I1-8,I1-8(苹果园3)-地铁站对面-粥饼屋
2015/9/20,100096,石景山区苹果园金顶街西口丁字路口金顶路北,116.187381,39.928333,I1-8,I1-8(苹果园3)-晨光烧饼2
2015/9/20,100097,石景山区苹果园金顶街西口沙县小吃,116.187381,39.928333,I1-8,I1-8(苹果园3)-金顶街西口-沙县小吃
2015/9/20,100098,石景山区苹果园金顶西街,116.187381,39.928333,I1-8,I1-8(苹果园3)-苹果园  香河肉饼
2015/9/20,100099,石景山区苹果园三小区大院内,116.187381,39.928333,I1-8,I1-8(苹果园3)-面食店
2015/9/20,100100,石景山区苹果园新生活商城1层东边门口,116.187381,39.928333,I1-8,I1-8(苹果园3)-苹果园新生活-江南大包
2015/9/20,100001,北京石景山区古城十万平菜市场馒头房,116.1884865,39.9113,I1-1,I1-1古城－古城十万平菜市场－馒头房
2015/9/20,100013,北京市石景山区八角文化广场特廉特早市内,116.194656,39.916004,I1-1,I1-1(古城)-八角文化广场特廉特早市内-糕点房
2015/9/20,100015,北京市石景山区古城北路22号_物美超市旁边,116.189926,39.917725,I1-1,I1-1(古城)-古城北路22号_物美超市旁边-主食厨房
2015/9/20,100016,北京市石景山区古城东街_古城南路社区50号楼下西域美食对面,116.194138,39.908878,I1-1,I1-1(古城)-古城南路社区50号楼-大饼切面
2015/9/20,100017,北京市石景山区古城街道_地铁口西侧十字路口往西500米胡同内,116.184787,39.907901,I1-1,I1-1(古城)-白雪川味小吃
2015/9/20,100018,北京市石景山区古城街道_地铁口西侧十字路口西边500米胡同内,116.184809,39.907707,I1-1,I1-1(古城)-山西烧饼
2015/9/20,100019,北京市石景山区古城街道老古城首钢十万平居民区,116.181959,39.907677,I1-1,I1-1(古城)－古城街道老古城首钢居民区－长白山酒家
2015/9/20,100020,北京市石景山区古城街道首钢十万平居民区,116.183235,39.908585,I1-1,I1-1(古城)-安徽牛肉板面
2015/9/20,100021,北京市石景山区古城街道首钢十万平居民区_十字路口往西500米,116.1821903,39.9085665,I1-1,I1-1(古城)-古城街道首钢居民区-兰州拉面
2015/9/20,100023,北京市石景山区古城南街61号山西面食馆旁边,116.189407,39.898643,I1-1,I1-1(古城)-安庆大包子
2015/9/20,100026,北京市石景山区古城南街基业网吧对面工地300米左拐,116.1894262,39.8958605,I1-1,I1-1(古城)-古城南街-巫山烤鱼家常菜
2015/9/20,100054,北京市石景山区石景山路盛景国际广场物美大厦三层美食广场,116.201457,39.907532,I1-1,八角_香河肉饼
2015/9/20,100057,北京市石景山区信达路靠近盛景国际广场3层美食城,116.201457,39.907532,I1-1,I1-1(古城)-盛景国际广场-西北面食
2015/9/20,100067,古城八角南路2号楼底商田老师斜对面,116.196411,39.910775,I1-1,I1-1(古城)-八角南路-山西面馆
2015/9/20,100068,古城大街大鸭梨饭店南侧,116.1867722,39.9128384,I1-1,I1-1(古城)-驴肉火烧2号
2015/9/20,100069,古城大街甲4号（洪福牛肉拉面往西胡同里）,116.187019,39.915146,I1-1,I1-1(古城)-古城大街甲4号-山西刀削面
2015/9/20,100074,石景山古城小街北口，泰康医院斜对面,116.188591,39.914619,I1-1,I1-1(古城)-古城小街北口-香河肉饼
2015/9/20,100078,石景山区老古城十万平小区菜市场,116.1810308,39.9082252,I1-1,I1-1(古城)-老古城十万平小区-主食厨房
2015/9/20,100105,石景山杨庄北区22号楼5单元,116.196082,39.926777,I1-1,I1-1古城－杨庄北区22号楼－肉夹馍
2015/9/20,100030,北京市石景山区华联商厦5楼美食城,116.219925,39.906467,I1-2,I1-2(石景山)-华联商厦-麻辣香锅
2015/9/20,100037,北京市石景山区鲁谷大街华联商厦5楼美食城过桥米线,116.219925,39.906467,I1-2,I1-2(石景山)-鲁谷大街-华联过桥米线
2015/9/20,100041,北京市石景山区鲁谷街道焦家坟路口东公交车站门口,116.2253452,39.8987604,I1-2,I1-2(石景山)-鲁谷街道焦家坟路口东-烧饼夹鸡蛋
2015/9/20,100042,北京市石景山区鲁谷街道永乐西小区3号楼社区食堂,116.225006,39.903259,I1-2,I1-2(石景山)-鲁谷-山西面馆
2015/9/20,100064,丰台区张仪村丰仪楼华联美食城1层,116.227055,39.879349,I1-2,I1-2(石景山)-张仪村-山西各种面食
2015/9/20,100065,丰台区张仪村路4号院,116.23378,39.885929,I1-2,I1-2(石景山)-张仪村-早餐摊
2015/9/20,100066,丰台区张仪村路世邦商业中心一楼（天大商场对面）,116.230953,39.870211,I1-2,I1-2(石景山)-鲁谷路-张仪村路沙县小吃
2015/9/20,100075,石景山鲁谷七星园小区2号楼底商日月潭饭店旁边,116.226668,39.899654,I1-2,I1-2(石景山)-七星园小区-陕西风味小吃
2015/9/20,100079,石景山区鲁谷大街华联5楼美食城张亮麻辣烫,116.219925,39.906467,I1-2,I1-2(石景山)-张亮麻辣烫
2015/9/20,100080,石景山区鲁谷大街重聚路华庭快捷酒店底商西侧,116.229218,39.895107,I1-2,I1-2(石景山)～重聚路～香河肉饼
2015/9/20,100081,石景山区鲁谷大街重聚路路口,116.229554,39.894984,I1-2,I1-2(石景山)-鲁谷大街-杨大姐麻辣烫
2015/9/20,100082,石景山区鲁谷大街重聚园路华庭酒店底商西侧,116.227188,39.894936,I1-2,I1-2(石景山)－鲁谷大街重聚园路－川味家常菜
2015/9/20,100101,石景山区七星东街七星园17号底商,116.213921,39.902706,I1-2,I1-2(石景山)—长久拉面
2015/9/20,100104,石景山区永乐东小区门口,116.229788,39.900547,I1-2,I1-2(石景山)-永乐东小区门口-黄桥烧饼
2015/9/20,100106,石景山张仪村卫生院里福建切面,116.219345,39.880104,I1-2,I1-2(石景山)-张仪村卫生院里-福建切面
2015/9/20,100107,石景山重聚路西8号楼底商,116.231209,39.895168,I1-2,I1-2(石景山)－重聚路－豫香园包子
2015/9/20,100108,永乐西小区24号楼对面,116.228065,39.901932,I1-2,I1-2(石景山)-永乐西小区24号对面-山西面馆
2015/9/20,100000,北京石景山模式口东里五区,116.168945,39.933979,I1-3,I1-3苹果园－模式口-圣洁饺孑家常菜
2015/9/20,100031,北京市石景山区金顶街金顶北路赵山小区五号楼对面,116.16442,39.93071,I1-3,I1-3(苹果园)_金顶街金顶北路-山西面馆
2015/9/20,100044,北京市石景山区模式口东里公交站旁东侧,116.1699617,39.9337707,I1-3,I1-3(苹果园)-模式口_山西面馆
2015/9/20,100049,北京市石景山区苹果园模式口东里模东食品店,116.187381,39.928333,I1-3,I1-3苹果园－模式口-模东食品店
2015/9/20,100087,石景山区模式口村居委会对面市场,116.166675,39.935747,I1-3,I1-3苹果园-法海铁锅烙饼
2015/9/20,100088,石景山区苹果园北辛安38号,116.187381,39.928333,I1-3,I1-3苹果园-北辛安-咯咯香家常菜
2015/9/20,100089,石景山区苹果园北辛安大街38号,116.187381,39.928333,I1-3,I1-3苹果园-北辛安-蜀风拉面馆
2015/9/20,100090,石景山区苹果园北辛安七号,116.187381,39.928333,I1-3,I1-3苹果园-北辛安-烧饼羊杂汤
2015/9/20,100091,石景山区苹果园北辛安五道口,116.187381,39.928333,I1-3,I1-3苹果园-香河肉饼
2015/9/20,100095,石景山区苹果园二区西门（苹果园大街）,116.189735,39.930913,I1-3,I1-3(苹果园)-驴肉火烧
2015/9/20,100009,北京市石景山六合园12楼底商,116.219732,39.898519,I1-4,I1-4(石景山二线)-六合园12楼底商-天津烧饼
2015/9/20,100033,北京市石景山区老山街道金宝山农贸市场54号,116.21579,39.911098,I1-4,I1-4(石景山二线-老山街道-安徽板面
2015/9/20,100034,北京市石景山区老山街道老山东里4号楼旁边,116.226357,39.909241,I1-4,I1-4(石景山二线)-好再来饺子馆
2015/9/20,100035,北京市石景山区老山西街金宝山农贸市场56号,116.21579,39.911098,I1-4,I1-4(石景山二线)-老山西街金宝山农贸市场-老北京烧饼
2015/9/20,100036,北京市石景山区鲁谷大街雕塑园南街玉鲁商厦旁边胡同里,116.2436652,39.8977862,I1-4,I1-4(石景山二线)-鲁谷大街-2驴肉火烧
2015/9/20,100038,北京市石景山区鲁谷大街眼科医院旁边,116.249672,39.903999,I1-4,I1-4(石景山二线)-鲁谷大街-多味面
2015/9/20,100039,北京市石景山区鲁谷大街永乐东小区41号楼前,116.230845,39.901176,I1-4,I1-4(石景山二线)-鲁谷大街永乐东小区-香河肉饼
2015/9/20,100040,北京市石景山区鲁谷大街永乐西小区北门3号楼南侧,116.225645,39.900125,I1-4,I1-4(石景山二线)-永乐西小区-社区食堂中餐
2015/9/20,100052,北京市石景山区钱健小学旁边大众浴池旁边,116.195564,39.90604,I1-4,I1-4(石景山二线)-钱健小学-福建切面
2015/9/20,100062,北京市石景山区永乐东小区华奥学校旁边便民菜市场里面,116.235104,39.898948,I1-4,I1-4(石景山二线)-保定正宗手擀面
2015/9/20,100063,北京市石景山区永乐西小区街道里32号楼对面,116.227117,39.9035921,I1-4,I1-4(石景山二线)-永乐西小区-土家酱香饼
2015/9/21,100032,北京市石景山区金顶街西路_金景街一区西口拉面馆对面,116.16188,39.927074,I1-5,I1-5(苹果园二线)-金景街一区-天津风味烧饼
2015/9/21,100043,北京市石景山区麻裕北口,116.128769,39.938788,I1-5,苹果园二线－麻裕－上海龙园包子
2015/9/21,100053,北京市石景山区三家店西口,116.1035472,39.9591746,I1-5,I1-5苹果园二线－三家店天津包子
2015/9/21,100055,北京市石景山区五里坨隆恩寺3号院,116.125899,39.971603,I1-5,I1-5(苹果园二线)-五里坨_军休餐厅
2015/9/21,100077,石景山区广宁村复兴街药店旁边,116.144168,39.930615,I1-5,I1-5苹果园二线-广宁村复兴街-水饺凉菜（6环）
2015/9/21,100083,石景山区麻裕北口16号,116.206386,39.9159935,I1-5,I1-5苹果园二线－麻裕－刘记驴肉火烧
2015/9/21,100084,石景山区麻裕北口景源超市对面,116.129372,39.93515,I1-5,苹果园二线－麻裕－麻裕好利友蛋糕大世界
2015/9/21,100085,石景山区麻裕村东街38号菜市场北一百米,116.1701503,39.9351542,I1-5,I1-5苹果园二线-麻裕村东街42号-安徽板面
2015/9/21,100086,石景山区麻裕村东街菜市场北一百米,116.1701503,39.9351542,I1-5,I1-5苹果园二线-麻裕村东街42号-山西面食店
2015/9/21,100112,北京市门头沟区龙泉镇三家店_三家店公交车站东侧直走,116.10997,39.96257,I1-5,I1-5(苹果园二线)-三家店_云南过桥米线
2015/9/21,100135,石景山区三家店大街,116.2033682,39.9309097,I1-5,I1-5苹果园二线-三家店-上海龙园包子
2015/9/21,100136,石景山区三家店西口西顺源农贸市场旁边,116.1035472,39.9591746,I1-5,I1-5苹果园二线-三家店-咱家小馆
2015/9/21,100002,北京市海淀区四季青镇杏石口路巨山农场,116.224831,39.952286,I1-6,I1-6(香山南路)-杏石口路巨山农场-晋川美食
2015/9/21,100003,北京市海淀区四季青镇杏石口路巨石农场,116.224252,39.9557686,I1-6,I1-6(香山南路)-老四川农家菜
2015/9/21,100004,北京市海淀区四季青镇杏石口路祁家村,116.224515,39.961568,I1-6,I1-6(香山南路)-杏石口路祁家村-肉夹馍
2015/9/21,100004,北京市海淀区四季青镇杏石口路祁家村,116.224515,39.961568,I1-6,I1-6(香山南路)-杏石口路祁家村-肉夹馍
2015/9/21,100006,北京市海淀区香山街道一颗松路东口,116.279724,39.957205,I1-6,I1-6(香山南路)-一颗松路东口-山西面馆
2015/9/21,100007,北京市海淀区杏石口北辛庄双新园车站北侧胡同里,116.213364,39.969662,I1-6,I1-6(香山南路)-杏石口北辛庄_馅馅香小吃
2015/9/21,100008,北京市海淀区杏石口桥西侧香山南路_南辛庄车站西北侧胡同里,116.209091,39.957867,I1-6,I1-6(香山南路)-杏石口_山西面馆
2015/9/21,100012,北京市石景山区八大处路西黄村后街29号_大馅水饺对面,116.208611,39.932908,I1-6,I1-6(香山南路)-西黄村_山西面馆
2015/9/21,100045,北京市石景山区苹果园八大处路西黄村后街_景园农家菜里面20米,116.208611,39.932908,I1-6,I1-6(香山南路)-八大处_东北快餐
2015/9/21,100050,北京市石景山区苹果园西黄村三角地_西井三区对面,116.199702,39.932129,I1-6,I1-6(香山南路)-八大处_酱骨头春饼店
2015/9/21,100056,北京市石景山区西黄村路入口_西黄村车站北侧往东胡同里,116.208611,39.932908,I1-6,I1-6(香山南路)-西黄村_大饼
2015/9/21,100072,海淀区香山南路南辛庄街内,116.2215614,39.9512192,I1-6,I1-6香山南路-南辛庄-烧饼大饼
2015/9/21,100076,石景山区八大处路西黄村85号,116.208611,39.932908,I1-6,I1-6香山南路-八大处-西黄村手擀面
2015/9/21,100110,北京市海淀区四季青镇南平庄晨光烧饼,116.270737,39.953682,I1-6,I1-6(香山南路)-南平庄-晨光烧饼
2015/9/21,100111,北京市海淀区四季青镇杏石口路南平庄驴堡堡,116.2397,39.946262,I1-6,I1-6(香山南路)-南平庄-驴堡堡
2015/9/21,100113,北京市石景山区八大处路26号,116.198738,39.947598,I1-6,I1-6(香山南路)-西下庄_驴肉火烧
2015/9/21,100114,北京市石景山区八大处路西黄新村北里南门,116.2055428,39.9350634,I1-6,I1-6(香山南路)-西黄村_小酒馆家常菜
2015/9/21,100137,石景山区邵家坡驻军一号装备部兵缘餐厅,116.176025,39.945652,I1-6,I1-6(香山南路)-邵家坡驻军一号装备部-兵缘餐厅
2015/9/21,100014,北京市石景山区八角衙门口纸库西200米_景阳东街西侧胡同,116.197345,39.895987,I1-7,I1-7(古城二线)-八角衙门口纸库西_新晋面食
2015/9/21,100024,北京市石景山区古城南街好哥们饭店右侧胡同里,116.1894262,39.8958605,I1-7,I1-7(古城二线)-兰州拉面
2015/9/21,100028,北京市石景山区古城南街首钢建设公司对面,116.1894262,39.8958605,I1-7,I1-7(古城二线)-天宇东北菜
2015/9/21,100059,北京市石景山区衙门口村上后街29号京源中学对面到了打电话,116.21294,39.892027,I1-7,I1-7(古城二线)-山西凉皮
2015/9/21,100060,北京市石景山区衙门口西后街_物廉美超市右拐胡同内,116.210007,39.888847,I1-7,I1-7(古城二线)-衙门口_牛肉拉面刀削面
2015/9/21,100070,古城南街基业网吧对面工地直行500米,116.1894262,39.8958605,I1-7,I1-7(古城二线)-小重庆三峡
2015/9/21,100071,古城南里七天酒店对面山西面食,116.192017,39.9073,I1-7,I1-7(古城二线)－古城南里七天酒店对面-山西面食
2015/9/21,100117,北京市石景山区古城南街基业网吧对面工地200米左拐,116.1894262,39.8958605,I1-7,I1-7(古城二线)-古城南街-安徽正宗牛肉板面王
2015/9/21,100118,北京市石景山区古城南街搅拌站对面,116.1894262,39.8958605,I1-7,I1-7(古城二线)-古城南街搅拌站对面-云南过桥米线
2015/9/21,100119,北京市石景山区古城南街搅拌站对面跃红蕾超市旁边,116.1894,39.900246,I1-7,I1-7(古城二线)-古城_烙饼烧饼
2015/9/21,100123,北京市石景山区景阳东街南山旧货市场旁边,116.2067971,39.9021069,I1-7,I1-7(古城二线)-八角景阳东街_山西特色面馆
2015/9/21,100047,北京市石景山区苹果园地铁站旁边,116.187381,39.928333,I1-8,I1-8(苹果园3)-老鸭粉丝汤
2015/9/21,100051,北京市石景山区苹果园西井路西口_公交站北侧,116.187381,39.928333,I1-8,I1-8(苹果园3)-苹果园二区-山西刀削面
2015/9/21,100073,苹果园大街琅山公交站旁边,116.1804376,39.9330187,I1-8,I1-8(苹果园3)-饺子
2015/9/21,100093,石景山区苹果园地铁站东边,116.187381,39.928333,I1-8,I1-8(苹果园3)-金顶街西口-沙县小吃
2015/9/21,100094,石景山区苹果园地铁站对面新生活五层美食城,116.187381,39.928333,I1-8,I1-8(苹果园3)-地铁站对面-粥饼屋
2015/9/21,100096,石景山区苹果园金顶街西口丁字路口金顶路北,116.187381,39.928333,I1-8,I1-8(苹果园3)-晨光烧饼2
2015/9/21,100097,石景山区苹果园金顶街西口沙县小吃,116.187381,39.928333,I1-8,I1-8(苹果园3)-西黄村_山西烧饼
2015/9/21,100098,石景山区苹果园金顶西街,116.187381,39.928333,I1-8,I1-8(苹果园3)-苹果园
2015/9/21,100100,石景山区苹果园新生活商城1层东边门口,116.187381,39.928333,I1-8,香河肉饼
2015/9/21,100115,北京市石景山区八角街道杨庄东街21_1号,116.197227,39.928986,I1-8,I1-8(苹果园3)-叭叭脆_驴肉火烧
2015/9/21,100121,北京市石景山区金顶街三区,116.170769,39.925503,I1-8,I1-8(苹果园3)～山西主食
2015/9/21,100127,北京市石景山区苹果园街道西黄村车站北工大北街,116.208611,39.932908,I1-8,I1-8(苹果园3)-苹果园新生活-江南大包
2015/9/21,100132,石景山区苹果园大街苹果园二区,116.187814,39.930623,I1-8,
2015/9/21,100133,石景山区苹果园地铁站对面商场四层美食城,116.187381,39.928333,I1-8,I1-8(苹果园3)-金顶街-西部美食
2015/9/21,100134,石景山区苹果园金顶街68号,116.187381,39.928333,I1-8,I1-8(苹果园3)-西井路西口_聚晋友面馆
2015/9/21,100001,北京石景山区古城十万平菜市场馒头房,116.1884865,39.9113,I1-1,I1-1古城－古城十万平菜市场－馒头房
2015/9/21,100013,北京市石景山区八角文化广场特廉特早市内,116.194656,39.916004,I1-1,I1-1(古城)-八角文化广场特廉特早市内-糕点房
2015/9/21,100015,北京市石景山区古城北路22号_物美超市旁边,116.189926,39.917725,I1-1,I1-1(古城)-古城北路22号_物美超市旁边-主食厨房
2015/9/21,100016,北京市石景山区古城东街_古城南路社区50号楼下西域美食对面,116.194138,39.908878,I1-1,I1-1(古城)-古城南路社区50号楼-大饼切面
2015/9/21,100017,北京市石景山区古城街道_地铁口西侧十字路口往西500米胡同内,116.184787,39.907901,I1-1,I1-1(古城)-白雪川味小吃
2015/9/21,100018,北京市石景山区古城街道_地铁口西侧十字路口西边500米胡同内,116.184809,39.907707,I1-1,I1-1(古城)-山西烧饼
2015/9/21,100019,北京市石景山区古城街道老古城首钢十万平居民区,116.181959,39.907677,I1-1,I1-1(古城)－古城街道老古城首钢居民区－长白山酒家
2015/9/21,100020,北京市石景山区古城街道首钢十万平居民区,116.183235,39.908585,I1-1,I1-1(古城)-安徽牛肉板面
2015/9/21,100021,北京市石景山区古城街道首钢十万平居民区_十字路口往西500米,116.1821903,39.9085665,I1-1,I1-1(古城)-古城街道首钢居民区-兰州拉面
2015/9/21,100023,北京市石景山区古城南街61号山西面食馆旁边,116.189407,39.898643,I1-1,I1-1(古城)-安庆大包子
2015/9/21,100026,北京市石景山区古城南街基业网吧对面工地300米左拐,116.1894262,39.8958605,I1-1,I1-1(古城)-古城南街-巫山烤鱼家常菜
2015/9/21,100067,古城八角南路2号楼底商田老师斜对面,116.196411,39.910775,I1-1,I1-1(古城)-八角南路-山西面馆
2015/9/21,100105,石景山杨庄北区22号楼5单元,116.196082,39.926777,I1-1,I1-1古城－杨庄北区22号楼－肉夹馍
2015/9/21,100109,八角南路古城公园东南角汉庭酒店旁边,116.194534,39.910835,I1-1,I1-1(古城)-古城公园东南角-老巩饺子
2015/9/21,100116,北京市石景山区古城街道古城南街68号好哥们饭店右侧胡同里第一家,116.189613,39.897869,I1-1,I1-1(古城)-华英居快餐
2015/9/21,100120,北京市石景山区古城西路66号院1号楼东侧_湘满柴房西侧胡同,116.17926,39.914701,I1-1,I1-1(古城)-古城西路66号院_胖烤鲜肉
2015/9/21,100122,北京市石景山区晋元庄路黄南苑小区南门旁边,116.199965,39.929597,I1-1,I1-1(古城)-杨庄_成都美食
2015/9/21,100128,北京市石景山区信达路靠近盛景国际广场3层美食城,116.201457,39.907532,I1-1,I1-1(古城)-盛景国际广场-营养快餐
2015/9/21,100128,北京市石景山区信达路靠近盛景国际广场3层美食城,116.201457,39.907532,I1-1,I1-1(古城)-盛景国际广场-营养快餐
2015/9/21,100030,北京市石景山区华联商厦5楼美食城,116.219925,39.906467,I1-2,I1-2(石景山)-华联商厦-麻辣香锅
2015/9/21,100041,北京市石景山区鲁谷街道焦家坟路口东公交车站门口,116.2253452,39.8987604,I1-2,I1-2(石景山)-鲁谷街道焦家坟路口东-烧饼夹鸡蛋
2015/9/21,100042,北京市石景山区鲁谷街道永乐西小区3号楼社区食堂,116.225006,39.903259,I1-2,I1-2(石景山)-鲁谷-山西面馆
2015/9/21,100075,石景山鲁谷七星园小区2号楼底商日月潭饭店旁边,116.226668,39.899654,I1-2,I1-2(石景山)-七星园小区-陕西风味小吃
2015/9/21,100081,石景山区鲁谷大街重聚路路口,116.229554,39.894984,I1-2,I1-2(石景山)-鲁谷大街-杨大姐麻辣烫
2015/9/21,100082,石景山区鲁谷大街重聚园路华庭酒店底商西侧,116.227188,39.894936,I1-2,I1-2(石景山)－鲁谷大街重聚园路－川味家常菜
2015/9/21,100106,石景山张仪村卫生院里福建切面,116.219345,39.880104,I1-2,I1-2(石景山)-张仪村卫生院里-福建切面
2015/9/21,100108,永乐西小区24号楼对面,116.228065,39.901932,I1-2,I1-2(石景山)-永乐西小区24号对面-山西面馆
2015/9/21,100124,北京市石景山区鲁谷大街华联商厦5楼美食城里,116.219925,39.906467,I1-2,I1-2(石景山)-鲁谷大街-黄焖鸡米饭啊
2015/9/21,100031,北京市石景山区金顶街金顶北路赵山小区五号楼对面,116.16442,39.93071,I1-3,I1-3(苹果园)_金顶街金顶北路-山西面馆
2015/9/21,100044,北京市石景山区模式口东里公交站旁东侧,116.1699617,39.9337707,I1-3,I1-3(苹果园)-模式口_山西面馆
2015/9/21,100089,石景山区苹果园北辛安大街38号,116.187381,39.928333,I1-3,I1-3苹果园-北辛安-蜀风拉面馆
2015/9/21,100090,石景山区苹果园北辛安七号,116.187381,39.928333,I1-3,I1-3苹果园-北辛安-烧饼羊杂汤
2015/9/21,100095,石景山区苹果园二区西门（苹果园大街）,116.189735,39.930913,I1-3,I1-3(苹果园)-驴肉火烧
2015/9/21,100129,苹果园金顶街西口小武家,116.1839328,39.9313783,I1-3,I1-3(苹果园)-小武家
2015/9/21,100131,石景山区苹果园北辛安五道口,116.187381,39.928333,I1-3,I1-3苹果园-北辛安五道口-食尚川味
2015/9/21,100131,石景山区苹果园北辛安五道口,116.187381,39.928333,I1-3,I1-3苹果园-北辛安五道口-食尚川味
2015/9/21,100009,北京市石景山六合园12楼底商,116.219732,39.898519,I1-4,I1-4(石景山二线)-六合园12楼底商-天津烧饼
2015/9/21,100034,北京市石景山区老山街道老山东里4号楼旁边,116.226357,39.909241,I1-4,I1-4(石景山二线)-好再来饺子馆
2015/9/21,100035,北京市石景山区老山西街金宝山农贸市场56号,116.21579,39.911098,I1-4,I1-4(石景山二线)-老山西街金宝山农贸市场-老北京烧饼
2015/9/21,100040,北京市石景山区鲁谷大街永乐西小区北门3号楼南侧,116.225645,39.900125,I1-4,I1-4(石景山二线)-永乐西小区-社区食堂中餐
2015/9/21,100062,北京市石景山区永乐东小区华奥学校旁边便民菜市场里面,116.235104,39.898948,I1-4,I1-4(石景山二线)-保定正宗手擀面
2015/9/21,100125,北京市石景山区鲁谷大街永乐西小区里24号楼对面社区食堂,116.227117,39.9035921,I1-4,I1-4(石景山二线)-永乐西小区-社区食堂
2015/9/21,100126,北京市石景山区鲁谷街道永乐西小区久筑物业底商118号,116.222717,39.902996,I1-4,I1-4(石景山二线)-鲁谷街道-沙县小吃
2015/9/21,100130,石景山区雕塑园南街玉鲁商厦旁边小胡同里5号,116.2436652,39.8977862,I1-4,I1-4(石景山二线)-香河肉饼
2015/9/21,100138,石景山永乐西小区25号楼西侧,116.22812,39.901171,I1-4,I1-4(石景山二线)-永乐西小区25号楼-兴月隋园
2015/9/22,100032,北京市石景山区金顶街西路_金景街一区西口拉面馆对面,116.16188,39.927074,I1-5,I1-5(苹果园二线)-金景街一区-天津风味烧饼
2015/9/22,100053,北京市石景山区三家店西口,116.1035472,39.9591746,I1-5,I1-5苹果园二线－三家店天津包子
2015/9/22,100055,北京市石景山区五里坨隆恩寺3号院,116.125899,39.971603,I1-5,I1-5(苹果园二线)-五里坨_军休餐厅
2015/9/22,100077,石景山区广宁村复兴街药店旁边,116.144168,39.930615,I1-5,I1-5苹果园二线-广宁村复兴街-水饺凉菜（6环）
2015/9/22,100086,石景山区麻裕村东街菜市场北一百米,116.1701503,39.9351542,I1-5,I1-5苹果园二线-麻裕村东街42号-山西面食店
2015/9/22,100135,石景山区三家店大街,116.2033682,39.9309097,I1-5,I1-5苹果园二线-三家店-上海龙园包子
2015/9/22,100141,北京市门头沟区龙泉镇三家店_三家店公交车站右侧直行胡同,116.10997,39.96257,I1-5,I1-5(苹果园二线)-三家店_大饼烧饼
2015/9/22,100160,石景山区三家店西口,116.1035472,39.9591746,I1-5,I1-5苹果园二线-三家店西口牛肉拉面
2015/9/22,100162,石景山三家店龙泉宾馆对面383公交车站三家店中街,116.10972,39.96304,I1-5,I1-5苹果园二线-双裕陕西凉皮
2015/9/22,100007,北京市海淀区杏石口北辛庄双新园车站北侧胡同里,116.213364,39.969662,I1-6,I1-6(香山南路)-杏石口北辛庄_馅馅香小吃
2015/9/22,100012,北京市石景山区八大处路西黄村后街29号_大馅水饺对面,116.208611,39.932908,I1-6,I1-6(香山南路)-西黄村_山西面馆
2015/9/22,100045,北京市石景山区苹果园八大处路西黄村后街_景园农家菜里面20米,116.208611,39.932908,I1-6,I1-6(香山南路)-八大处_东北快餐
2015/9/22,100056,北京市石景山区西黄村路入口_西黄村车站北侧往东胡同里,116.208611,39.932908,I1-6,I1-6(香山南路)-西黄村_大饼
2015/9/22,100072,海淀区香山南路南辛庄街内,116.2215614,39.9512192,I1-6,I1-6香山南路-南辛庄-烧饼大饼
2015/9/22,100110,北京市海淀区四季青镇南平庄晨光烧饼,116.270737,39.953682,I1-6,I1-6(香山南路)-南平庄-晨光烧饼
2015/9/22,100114,北京市石景山区八大处路西黄新村北里南门,116.2055428,39.9350634,I1-6,I1-6(香山南路)-西黄村_小酒馆家常菜
2015/9/22,100139,北京市海淀区四季青镇杏石口路巨山农场,116.224831,39.952286,I1-6,I1-6(香山南路)-巨山农场-川乡味厨
2015/9/22,100139,北京市海淀区四季青镇杏石口路巨山农场,116.224831,39.952286,I1-6,I1-6(香山南路)-巨山农场-川乡味厨
2015/9/22,100139,北京市海淀区四季青镇杏石口路巨山农场,116.224831,39.952286,I1-6,I1-6(香山南路)-巨山农场-川乡味厨
2015/9/22,100140,北京市海淀区杏石口双新园车站北侧路边,116.211212,39.959316,I1-6,I1-6(香山南路)-杏石口_麻辣烫
2015/9/22,100028,北京市石景山区古城南街首钢建设公司对面,116.1894262,39.8958605,I1-7,I1-7(古城二线)-天宇东北菜
2015/9/22,100058,北京市石景山区衙门口村上后街29号京源中学对面,116.21294,39.892027,I1-7,I1-7(古城二线)-衙门口村-陕西凉皮
2015/9/22,100060,北京市石景山区衙门口西后街_物廉美超市右拐胡同内,116.210007,39.888847,I1-7,I1-7(古城二线)-衙门口_牛肉拉面刀削面
2015/9/22,100071,古城南里七天酒店对面山西面食,116.192017,39.9073,I1-7,I1-7(古城二线)－古城南里七天酒店对面-山西面食
2015/9/22,100123,北京市石景山区景阳东街南山旧货市场旁边,116.2067971,39.9021069,I1-7,I1-7(古城二线)-八角景阳东街_山西特色面馆
2015/9/22,100143,北京市石景山区八角衙门口纸库西边200米,116.2105794,39.8902017,I1-7,I1-7(古城二线)-衙门口纸库-醉湘菜馆
2015/9/22,100152,北京市石景山区衙门口西后街_物廉美超市旁边,116.210007,39.888847,I1-7,I1-7(古城二线)-八角_酱香饼
2015/9/22,100153,北京市石景山区衙门口小横街物廉美超市右拐胡同内骨汤臊子面对面,116.210007,39.888847,I1-7,I1-7(古城二线)-衙门口_刀削面食馆
2015/9/22,100047,北京市石景山区苹果园地铁站旁边,116.187381,39.928333,I1-8,I1-8(苹果园3)-老鸭粉丝汤
2015/9/22,100051,北京市石景山区苹果园西井路西口_公交站北侧,116.187381,39.928333,I1-8,I1-8(苹果园3)-苹果园新生活-江南大包
2015/9/22,100092,石景山区苹果园地铁站北门旁,116.187381,39.928333,I1-8,I1-8(苹果园3)-西黄村_郑州滋补烩面
2015/9/22,100093,石景山区苹果园地铁站东边,116.187381,39.928333,I1-8,I1-8(苹果园3)-金顶街-西部美食
2015/9/22,100094,石景山区苹果园地铁站对面新生活五层美食城,116.187381,39.928333,I1-8,I1-8(苹果园3)-地铁站对面-粥饼屋
2015/9/22,100096,石景山区苹果园金顶街西口丁字路口金顶路北,116.187381,39.928333,I1-8,I1-8(苹果园3)-晨光烧饼2
2015/9/22,100100,石景山区苹果园新生活商城1层东边门口,116.187381,39.928333,I1-8,
2015/9/22,100115,北京市石景山区八角街道杨庄东街21_1号,116.197227,39.928986,I1-8,I1-8(苹果园3)-叭叭脆_驴肉火烧
2015/9/22,100134,石景山区苹果园金顶街68号,116.187381,39.928333,I1-8,I1-8(苹果园3)-西黄村_一品二煮
2015/9/22,100150,北京市石景山区田村路西黄村车站北侧往东150米,116.208611,39.932908,I1-8,I1-8(苹果园3)-西井路西口_聚晋友面馆
2015/9/22,100151,北京市石景山区西黄村后街,116.208611,39.932908,I1-8,I1-8(苹果园3)-西井路琅山村-山西面馆
2015/9/22,100158,石景山区苹果园金顶西街,116.187381,39.928333,I1-8,I1-8(苹果园3)-穆易轩
2015/9/22,100158,石景山区苹果园金顶西街,116.187381,39.928333,I1-8,I1-8(苹果园3)-穆易轩
2015/9/22,100161,石景山区西井路琅山村,116.178009,39.935123,I1-8,香河肉饼
2015/9/22,100001,北京石景山区古城十万平菜市场馒头房,116.1884865,39.9113,I1-1,I1-1古城－古城十万平菜市场－馒头房
2015/9/22,100017,北京市石景山区古城街道_地铁口西侧十字路口往西500米胡同内,116.184787,39.907901,I1-1,I1-1(古城)-白雪川味小吃
2015/9/22,100018,北京市石景山区古城街道_地铁口西侧十字路口西边500米胡同内,116.184809,39.907707,I1-1,I1-1(古城)-山西烧饼
2015/9/22,100019,北京市石景山区古城街道老古城首钢十万平居民区,116.181959,39.907677,I1-1,I1-1(古城)－古城街道老古城首钢居民区－长白山酒家
2015/9/22,100020,北京市石景山区古城街道首钢十万平居民区,116.183235,39.908585,I1-1,I1-1(古城)-安徽牛肉板面
2015/9/22,100021,北京市石景山区古城街道首钢十万平居民区_十字路口往西500米,116.1821903,39.9085665,I1-1,I1-1(古城)-古城街道首钢居民区-兰州拉面
2015/9/22,100026,北京市石景山区古城南街基业网吧对面工地300米左拐,116.1894262,39.8958605,I1-1,I1-1(古城)-古城南街-巫山烤鱼家常菜
2015/9/22,100057,北京市石景山区信达路靠近盛景国际广场3层美食城,116.201457,39.907532,I1-1,I1-1(古城)-盛景国际广场-西北面食
2015/9/22,100069,古城大街甲4号（洪福牛肉拉面往西胡同里）,116.187019,39.915146,I1-1,I1-1(古城)-古城大街甲4号-山西刀削面
2015/9/22,100074,石景山古城小街北口，泰康医院斜对面,116.188591,39.914619,I1-1,I1-1(古城)-古城小街北口-香河肉饼
2015/9/22,100078,石景山区老古城十万平小区菜市场,116.1810308,39.9082252,I1-1,I1-1(古城)-老古城十万平小区-主食厨房
2015/9/22,100105,石景山杨庄北区22号楼5单元,116.196082,39.926777,I1-1,I1-1古城－杨庄北区22号楼－肉夹馍
2015/9/22,100116,北京市石景山区古城街道古城南街68号好哥们饭店右侧胡同里第一家,116.189613,39.897869,I1-1,I1-1(古城)-华英居快餐
2015/9/22,100142,北京市石景山区八角东街融科大厦东侧_石景山游乐园西南角,116.205966,39.910256,I1-1,I1-1(古城)-八角东街融科大厦-好面儿好串儿
2015/9/22,100144,北京市石景山区古城南街_地铁口西边十字路口往南1200米,116.1867191,39.9067199,I1-1,I1-1(古城)-云南过桥米线
2015/9/22,100145,北京市石景山区古城南路污水处理厂斜对面_在好哥们右侧胡同往里走,116.1922659,39.9109902,I1-1,I1-1(古城)-古城南路污水处理厂-陕西小吃
2015/9/22,100148,北京市石景山区石景山路盛景国际大厦物美大厦三层美食广场,116.201066,39.908172,I1-1,I1-1(古城)-盛景国际大厦-家乡水饺
2015/9/22,100149,北京市石景山区石景山路盛景国际广场物美三层美食广场,116.201457,39.907532,I1-1,I1-1(古城)-盛景国际广场-麻辣烫
2015/9/22,100155,古城大街12号物美对面,116.187004,39.911118,I1-1,I1-1(古城)－古城大街12号物美对面－西来顺
2015/9/22,100030,北京市石景山区华联商厦5楼美食城,116.219925,39.906467,I1-2,I1-2(石景山)-华联商厦-麻辣香锅
2015/9/22,100037,北京市石景山区鲁谷大街华联商厦5楼美食城过桥米线,116.219925,39.906467,I1-2,I1-2(石景山)-鲁谷大街-华联过桥米线
2015/9/22,100041,北京市石景山区鲁谷街道焦家坟路口东公交车站门口,116.2253452,39.8987604,I1-2,I1-2(石景山)-鲁谷街道焦家坟路口东-烧饼夹鸡蛋
2015/9/22,100042,北京市石景山区鲁谷街道永乐西小区3号楼社区食堂,116.225006,39.903259,I1-2,I1-2(石景山)-鲁谷-山西面馆
2015/9/22,100081,石景山区鲁谷大街重聚路路口,116.229554,39.894984,I1-2,I1-2(石景山)-鲁谷大街-杨大姐麻辣烫
2015/9/22,100082,石景山区鲁谷大街重聚园路华庭酒店底商西侧,116.227188,39.894936,I1-2,I1-2(石景山)－鲁谷大街重聚园路－川味家常菜
2015/9/22,100106,石景山张仪村卫生院里福建切面,116.219345,39.880104,I1-2,I1-2(石景山)-张仪村卫生院里-福建切面
2015/9/22,100108,永乐西小区24号楼对面,116.228065,39.901932,I1-2,I1-2(石景山)-永乐西小区24号对面-山西面馆
2015/9/22,100124,北京市石景山区鲁谷大街华联商厦5楼美食城里,116.219925,39.906467,I1-2,I1-2(石景山)-鲁谷大街-黄焖鸡米饭啊
2015/9/22,100146,北京市石景山区鲁谷街道八宝山地铁口向北走1公里第二个红绿灯,116.236321,39.914631,I1-2,I1-2(石景山)-安徽板面
2015/9/22,100154,丰台区张仪村丰仪家园西500米路南,116.227055,39.879349,I1-2,I1-2(石景山)-张仪村-有约共享饺子馆
2015/9/22,100156,石景山区老山西街华联商厦5楼美食城食肆,116.219925,39.906467,I1-2,I1-2(石景山)-鲁谷路-华联商厦食肆
2015/9/22,100159,石景山区七星东街七星园13号楼底商（驴肉火烧）,116.215317,39.897343,I1-2,I1-2(石景山)-驴肉火烧驴肉馆
2015/9/22,100044,北京市石景山区模式口东里公交站旁东侧,116.1699617,39.9337707,I1-3,I1-3(苹果园)-模式口_山西面馆
2015/9/22,100049,北京市石景山区苹果园模式口东里模东食品店,116.187381,39.928333,I1-3,I1-3苹果园－模式口-模东食品店
2015/9/22,100088,石景山区苹果园北辛安38号,116.187381,39.928333,I1-3,I1-3苹果园-北辛安-咯咯香家常菜
2015/9/22,100089,石景山区苹果园北辛安大街38号,116.187381,39.928333,I1-3,I1-3苹果园-北辛安-蜀风拉面馆
2015/9/22,100095,石景山区苹果园二区西门（苹果园大街）,116.189735,39.930913,I1-3,I1-3(苹果园)-驴肉火烧
2015/9/22,100157,石景山区苹果园北辛安大街32号,116.187381,39.928333,I1-3,I1-3苹果园-北辛安-特色羊杂汤馆
2015/9/22,100009,北京市石景山六合园12楼底商,116.219732,39.898519,I1-4,I1-4(石景山二线)-六合园12楼底商-天津烧饼
2015/9/22,100033,北京市石景山区老山街道金宝山农贸市场54号,116.21579,39.911098,I1-4,I1-4(石景山二线-老山街道-安徽板面
2015/9/22,100034,北京市石景山区老山街道老山东里4号楼旁边,116.226357,39.909241,I1-4,I1-4(石景山二线)-好再来饺子馆
2015/9/22,100035,北京市石景山区老山西街金宝山农贸市场56号,116.21579,39.911098,I1-4,I1-4(石景山二线)-老山西街金宝山农贸市场-老北京烧饼
2015/9/22,100040,北京市石景山区鲁谷大街永乐西小区北门3号楼南侧,116.225645,39.900125,I1-4,I1-4(石景山二线)-永乐西小区-社区食堂中餐
2015/9/22,100062,北京市石景山区永乐东小区华奥学校旁边便民菜市场里面,116.235104,39.898948,I1-4,I1-4(石景山二线)-保定正宗手擀面
2015/9/22,100147,北京市石景山区南街56号旧货市场旁边,116.127708,39.953762,I1-4,I1-4(石景山二线)-骨里香
2015/9/23,100043,北京市石景山区麻裕北口,116.128769,39.938788,I1-5,苹果园二线－麻裕－上海龙园包子
2015/9/23,100053,北京市石景山区三家店西口,116.1035472,39.9591746,I1-5,I1-5苹果园二线－三家店天津包子
2015/9/23,100077,石景山区广宁村复兴街药店旁边,116.144168,39.930615,I1-5,I1-5苹果园二线-广宁村复兴街-水饺凉菜（6环）
2015/9/23,100084,石景山区麻裕北口景源超市对面,116.129372,39.93515,I1-5,苹果园二线－麻裕－麻裕好利友蛋糕大世界
2015/9/23,100086,石景山区麻裕村东街菜市场北一百米,116.1701503,39.9351542,I1-5,I1-5苹果园二线-麻裕村东街42号-山西面食店
2015/9/23,100103,石景山区五里屯炮厂小区菜市场内,116.1350819,39.9584041,I1-5,I1-5苹果园二线-五里坨-肉夹馍大饼
2015/9/23,100135,石景山区三家店大街,116.2033682,39.9309097,I1-5,I1-5苹果园二线-三家店-上海龙园包子
2015/9/23,100141,北京市门头沟区龙泉镇三家店_三家店公交车站右侧直行胡同,116.10997,39.96257,I1-5,I1-5(苹果园二线)-三家店_大饼烧饼
2015/9/23,100175,石景山区广宁村复兴街内善缘川火锅对面,116.144168,39.930615,I1-5,I1-5苹果园二线-广宁村复兴街-本乡主食厨房
2015/9/23,100176,石景山区黑石头路派出所旁边,116.1394741,39.9557679,I1-5,I1-5苹果园二线-黑石头路派出所旁-烩面饺子
2015/9/23,100178,石景山区麻裕村后地24号菜市场北100米,116.129066,39.935432,I1-5,I1-5苹果园二线-麻裕村-连师傅家常菜
2015/9/23,100183,石景山区三家店新建路22号对面,116.1164152,39.9526453,I1-5,I1-5苹果园二线-三家店-香河肉饼
2015/9/23,100002,北京市海淀区四季青镇杏石口路巨山农场,116.224831,39.952286,I1-6,I1-6(香山南路)-杏石口路巨山农场-晋川美食
2015/9/23,100003,北京市海淀区四季青镇杏石口路巨石农场,116.224252,39.9557686,I1-6,I1-6(香山南路)-老四川农家菜
2015/9/23,100004,北京市海淀区四季青镇杏石口路祁家村,116.224515,39.961568,I1-6,I1-6(香山南路)-杏石口路祁家村-肉夹馍
2015/9/23,100005,北京市海淀区香山街道煤厂街11号,116.198227,39.995621,I1-6,I1-6(香山南路)-香山街道煤厂街11号-刘记天津烧饼
2015/9/23,100007,北京市海淀区杏石口北辛庄双新园车站北侧胡同里,116.213364,39.969662,I1-6,I1-6(香山南路)-杏石口北辛庄_馅馅香小吃
2015/9/23,100012,北京市石景山区八大处路西黄村后街29号_大馅水饺对面,116.208611,39.932908,I1-6,I1-6(香山南路)-西黄村_山西面馆
2015/9/23,100045,北京市石景山区苹果园八大处路西黄村后街_景园农家菜里面20米,116.208611,39.932908,I1-6,I1-6(香山南路)-八大处_东北快餐
2015/9/23,100056,北京市石景山区西黄村路入口_西黄村车站北侧往东胡同里,116.208611,39.932908,I1-6,I1-6(香山南路)-西黄村_大饼
2015/9/23,100114,北京市石景山区八大处路西黄新村北里南门,116.2055428,39.9350634,I1-6,I1-6(香山南路)-西黄村_小酒馆家常菜
2015/9/23,100163,北京市海淀区四季青镇巨山农场,116.224831,39.952286,I1-6,I1-6(香山南路)-巨山农场-香河肉饼
2015/9/23,100164,北京市海淀区四季青镇南平庄街,116.24447,39.947431,I1-6,I1-6(香山南路)-南平庄街-川阿婆麻辣烫
2015/9/23,100165,北京市海淀区四季青镇南平庄街里,116.2397,39.946262,I1-6,I1-6(香山南路)-南平庄街里-嘉乐过桥米线
2015/9/23,100166,北京市海淀区香山街道一颗松路1号,116.206013,39.994089,I1-6,I1-6(香山南路)一颗松路1号-杭州小吃
2015/9/23,100173,海淀区香山南路北辛庄,116.209988,39.960032,I1-6,I1-6香山南路-北辛庄-美食小站
2015/9/23,100174,海淀区香山南路北辛庄143号,116.209988,39.960032,I1-6,I1-6香山南路-北辛庄-驴肉火烧
2015/9/23,100014,北京市石景山区八角衙门口纸库西200米_景阳东街西侧胡同,116.197345,39.895987,I1-7,I1-7(古城二线)-八角衙门口纸库西_新晋面食
2015/9/23,100024,北京市石景山区古城南街好哥们饭店右侧胡同里,116.1894262,39.8958605,I1-7,I1-7(古城二线)-兰州拉面
2015/9/23,100059,北京市石景山区衙门口村上后街29号京源中学对面到了打电话,116.21294,39.892027,I1-7,I1-7(古城二线)-山西凉皮
2015/9/23,100070,古城南街基业网吧对面工地直行500米,116.1894262,39.8958605,I1-7,I1-7(古城二线)-小重庆三峡
2015/9/23,100117,北京市石景山区古城南街基业网吧对面工地200米左拐,116.1894262,39.8958605,I1-7,I1-7(古城二线)-古城南街-安徽正宗牛肉板面王
2015/9/23,100117,北京市石景山区古城南街基业网吧对面工地200米左拐,116.1894262,39.8958605,I1-7,I1-7(古城二线)-古城南街-安徽正宗牛肉板面王
2015/9/23,100153,北京市石景山区衙门口小横街物廉美超市右拐胡同内骨汤臊子面对面,116.210007,39.888847,I1-7,I1-7(古城二线)-衙门口_刀削面食馆
2015/9/23,100168,北京市石景山区南街56号旧货市场旁边,116.127708,39.953762,I1-7,I1-7(古城二线)-骨里香
2015/9/23,100171,北京市石景山区衙门口小横街,116.210245,39.88302,I1-7,I1-7(古城二线)-衙门口小横街_铁锅柴鸡羊蝎子早点摊
2015/9/23,100047,北京市石景山区苹果园地铁站旁边,116.187381,39.928333,I1-8,I1-8(苹果园3)-老鸭粉丝汤
2015/9/23,100051,北京市石景山区苹果园西井路西口_公交站北侧,116.187381,39.928333,I1-8,I1-8(苹果园3)-苹果园新生活-江南大包
2015/9/23,100073,苹果园大街琅山公交站旁边,116.1804376,39.9330187,I1-8,I1-8(苹果园3)-金顶街-西部美食
2015/9/23,100096,石景山区苹果园金顶街西口丁字路口金顶路北,116.187381,39.928333,I1-8,I1-8(苹果园3)-晨光烧饼2
2015/9/23,100097,石景山区苹果园金顶街西口沙县小吃,116.187381,39.928333,I1-8,I1-8(苹果园3)-西井路西口_聚晋友面馆
2015/9/23,100098,石景山区苹果园金顶西街,116.187381,39.928333,I1-8,I1-8(苹果园3)-苹果园
2015/9/23,100100,石景山区苹果园新生活商城1层东边门口,116.187381,39.928333,I1-8,
2015/9/23,100115,北京市石景山区八角街道杨庄东街21_1号,116.197227,39.928986,I1-8,I1-8(苹果园3)-叭叭脆_驴肉火烧
2015/9/23,100121,北京市石景山区金顶街三区,116.170769,39.925503,I1-8,I1-8(苹果园3)-金顶街西口-沙县小吃
2015/9/23,100134,石景山区苹果园金顶街68号,116.187381,39.928333,I1-8,I1-8(苹果园3)-西井路-肉夹馍
2015/9/23,100181,石景山区苹果园西井路,116.187381,39.928333,I1-8,香河肉饼
2015/9/23,100017,北京市石景山区古城街道_地铁口西侧十字路口往西500米胡同内,116.184787,39.907901,I1-1,I1-1(古城)-白雪川味小吃
2015/9/23,100018,北京市石景山区古城街道_地铁口西侧十字路口西边500米胡同内,116.184809,39.907707,I1-1,I1-1(古城)-山西烧饼
2015/9/23,100020,北京市石景山区古城街道首钢十万平居民区,116.183235,39.908585,I1-1,I1-1(古城)-安徽牛肉板面
2015/9/23,100021,北京市石景山区古城街道首钢十万平居民区_十字路口往西500米,116.1821903,39.9085665,I1-1,I1-1(古城)-古城街道首钢居民区-兰州拉面
2015/9/23,100026,北京市石景山区古城南街基业网吧对面工地300米左拐,116.1894262,39.8958605,I1-1,I1-1(古城)-古城南街-巫山烤鱼家常菜
2015/9/23,100067,古城八角南路2号楼底商田老师斜对面,116.196411,39.910775,I1-1,I1-1(古城)-八角南路-山西面馆
2015/9/23,100105,石景山杨庄北区22号楼5单元,116.196082,39.926777,I1-1,I1-1古城－杨庄北区22号楼－肉夹馍
2015/9/23,100109,八角南路古城公园东南角汉庭酒店旁边,116.194534,39.910835,I1-1,I1-1(古城)-古城公园东南角-老巩饺子
2015/9/23,100170,北京市石景山区信达路靠近盛景国际广场3层美食城,116.201457,39.907532,I1-1,I1-1古城-盛景国际广场-西北面食
2015/9/23,100172,古城南街永旺公寓（地铁往西十字路口往南，看见宏泰基业网吧往里拐）,116.187546,39.903683,I1-1,I1-1(古城)-南街永旺公寓-山西刀削面
2015/9/23,100030,北京市石景山区华联商厦5楼美食城,116.219925,39.906467,I1-2,I1-2(石景山)-华联商厦-麻辣香锅
2015/9/23,100037,北京市石景山区鲁谷大街华联商厦5楼美食城过桥米线,116.219925,39.906467,I1-2,I1-2(石景山)-鲁谷大街-华联过桥米线
2015/9/23,100041,北京市石景山区鲁谷街道焦家坟路口东公交车站门口,116.2253452,39.8987604,I1-2,I1-2(石景山)-鲁谷街道焦家坟路口东-烧饼夹鸡蛋
2015/9/23,100042,北京市石景山区鲁谷街道永乐西小区3号楼社区食堂,116.225006,39.903259,I1-2,I1-2(石景山)-鲁谷-山西面馆
2015/9/23,100081,石景山区鲁谷大街重聚路路口,116.229554,39.894984,I1-2,I1-2(石景山)-鲁谷大街-杨大姐麻辣烫
2015/9/23,100082,石景山区鲁谷大街重聚园路华庭酒店底商西侧,116.227188,39.894936,I1-2,I1-2(石景山)－鲁谷大街重聚园路－川味家常菜
2015/9/23,100104,石景山区永乐东小区门口,116.229788,39.900547,I1-2,I1-2(石景山)-永乐东小区门口-黄桥烧饼
2015/9/23,100107,石景山重聚路西8号楼底商,116.231209,39.895168,I1-2,I1-2(石景山)－重聚路－豫香园包子
2015/9/23,100124,北京市石景山区鲁谷大街华联商厦5楼美食城里,116.219925,39.906467,I1-2,I1-2(石景山)-鲁谷大街-黄焖鸡米饭啊
2015/9/23,100177,石景山区老山西街华联商厦5层味中冺公社美食城陕西人家,116.219925,39.906467,I1-2,I1-2(石景山)-鲁谷路-华联商厦陕西人家
2015/9/23,100182,石景山区七星东街七星园14号楼底商过桥米线,116.21434,39.897339,I1-2,I1-2(石景山)-过桥米线
2015/9/23,100000,北京石景山模式口东里五区,116.168945,39.933979,I1-3,I1-3苹果园－模式口-圣洁饺孑家常菜
2015/9/23,100031,北京市石景山区金顶街金顶北路赵山小区五号楼对面,116.16442,39.93071,I1-3,I1-3(苹果园)_金顶街金顶北路-山西面馆
2015/9/23,100044,北京市石景山区模式口东里公交站旁东侧,116.1699617,39.9337707,I1-3,I1-3(苹果园)-模式口_山西面馆
2015/9/23,100049,北京市石景山区苹果园模式口东里模东食品店,116.187381,39.928333,I1-3,I1-3苹果园－模式口-模东食品店
2015/9/23,100095,石景山区苹果园二区西门（苹果园大街）,116.189735,39.930913,I1-3,I1-3(苹果园)-驴肉火烧
2015/9/23,100129,苹果园金顶街西口小武家,116.1839328,39.9313783,I1-3,I1-3(苹果园)-小武家
2015/9/23,100131,石景山区苹果园北辛安五道口,116.187381,39.928333,I1-3,I1-3苹果园-北辛安五道口-食尚川味
2015/9/23,100169,北京市石景山区苹果园西井路17号_实兴西街与西井路交叉,116.187381,39.928333,I1-3,I1-3(苹果园)_苹果园西井路17号-曹老西面酷
2015/9/23,100179,石景山区模式口东里路口,116.158808,39.933306,I1-3,I1-3苹果园-模式口－煎饼果子
2015/9/23,100180,石景山区苹果园南路东口西井村一号,116.1982592,39.9310059,I1-3,I1-3苹果园-苹果园南路东口-天津烧饼
2015/9/23,100009,北京市石景山六合园12楼底商,116.219732,39.898519,I1-4,I1-4(石景山二线)-六合园12楼底商-天津烧饼
2015/9/23,100033,北京市石景山区老山街道金宝山农贸市场54号,116.21579,39.911098,I1-4,I1-4(石景山二线-老山街道-安徽板面
2015/9/23,100034,北京市石景山区老山街道老山东里4号楼旁边,116.226357,39.909241,I1-4,I1-4(石景山二线)-好再来饺子馆
2015/9/23,100035,北京市石景山区老山西街金宝山农贸市场56号,116.21579,39.911098,I1-4,I1-4(石景山二线)-老山西街金宝山农贸市场-老北京烧饼
2015/9/23,100036,北京市石景山区鲁谷大街雕塑园南街玉鲁商厦旁边胡同里,116.2436652,39.8977862,I1-4,I1-4(石景山二线)-鲁谷大街-2驴肉火烧
2015/9/23,100040,北京市石景山区鲁谷大街永乐西小区北门3号楼南侧,116.225645,39.900125,I1-4,I1-4(石景山二线)-永乐西小区-社区食堂中餐
2015/9/23,100125,北京市石景山区鲁谷大街永乐西小区里24号楼对面社区食堂,116.227117,39.9035921,I1-4,I1-4(石景山二线)-永乐西小区-社区食堂
2015/9/23,100167,北京市石景山区老山街道首钢老山居民区邮局对面,116.2156946,39.9107978,I1-4,I1-4(石景山二线)-老山街道-河间驴肉火烧
2015/9/24,100032,北京市石景山区金顶街西路_金景街一区西口拉面馆对面,116.16188,39.927074,I1-5,I1-5(苹果园二线)-金景街一区-天津风味烧饼
2015/9/24,100043,北京市石景山区麻裕北口,116.128769,39.938788,I1-5,苹果园二线－麻裕－上海龙园包子
2015/9/24,100053,北京市石景山区三家店西口,116.1035472,39.9591746,I1-5,I1-5苹果园二线－三家店天津包子
2015/9/24,100055,北京市石景山区五里坨隆恩寺3号院,116.125899,39.971603,I1-5,I1-5(苹果园二线)-五里坨_军休餐厅
2015/9/24,100077,石景山区广宁村复兴街药店旁边,116.144168,39.930615,I1-5,I1-5苹果园二线-广宁村复兴街-水饺凉菜（6环）
2015/9/24,100083,石景山区麻裕北口16号,116.206386,39.9159935,I1-5,I1-5苹果园二线－麻裕－刘记驴肉火烧
2015/9/24,100086,石景山区麻裕村东街菜市场北一百米,116.1701503,39.9351542,I1-5,I1-5苹果园二线-麻裕村东街42号-山西面食店
2015/9/24,100102,石景山区五里屯南宫,116.1204888,39.9643818,I1-5,I1-5苹果园二线-五里坨南宫-三家店牛肉拉面
2015/9/24,100103,石景山区五里屯炮厂小区菜市场内,116.1350819,39.9584041,I1-5,I1-5苹果园二线-五里坨-肉夹馍大饼
2015/9/24,100135,石景山区三家店大街,116.2033682,39.9309097,I1-5,I1-5苹果园二线-三家店-上海龙园包子
2015/9/24,100141,北京市门头沟区龙泉镇三家店_三家店公交车站右侧直行胡同,116.10997,39.96257,I1-5,I1-5(苹果园二线)-三家店_大饼烧饼
2015/9/24,100160,石景山区三家店西口,116.1035472,39.9591746,I1-5,I1-5苹果园二线-三家店西口牛肉拉面
2015/9/24,100162,石景山三家店龙泉宾馆对面383公交车站三家店中街,116.10972,39.96304,I1-5,I1-5苹果园二线-双裕陕西凉皮
2015/9/24,100175,石景山区广宁村复兴街内善缘川火锅对面,116.144168,39.930615,I1-5,I1-5苹果园二线-广宁村复兴街-本乡主食厨房
2015/9/24,100202,石景山区五里屯隆恩寺路,116.125935,39.971618,I1-5,I1-5苹果园二线-五里坨-杭州小吃包子
2015/9/24,100203,石景山区五里屯南宫菜市场,116.1204888,39.9643818,I1-5,I1-5苹果园二线-五里坨南宫-南宫老马拉面
2015/9/24,100204,石景山区五里屯炮厂小区菜市场旁,116.1350819,39.9584041,I1-5,I1-5苹果园二线-五里坨-天琪饺子馆
2015/9/24,100002,北京市海淀区四季青镇杏石口路巨山农场,116.224831,39.952286,I1-6,I1-6(香山南路)-杏石口路巨山农场-晋川美食
2015/9/24,100003,北京市海淀区四季青镇杏石口路巨石农场,116.224252,39.9557686,I1-6,I1-6(香山南路)-老四川农家菜
2015/9/24,100004,北京市海淀区四季青镇杏石口路祁家村,116.224515,39.961568,I1-6,I1-6(香山南路)-杏石口路祁家村-肉夹馍
2015/9/24,100006,北京市海淀区香山街道一颗松路东口,116.279724,39.957205,I1-6,I1-6(香山南路)-一颗松路东口-山西面馆
2015/9/24,100007,北京市海淀区杏石口北辛庄双新园车站北侧胡同里,116.213364,39.969662,I1-6,I1-6(香山南路)-杏石口北辛庄_馅馅香小吃
2015/9/24,100008,北京市海淀区杏石口桥西侧香山南路_南辛庄车站西北侧胡同里,116.209091,39.957867,I1-6,I1-6(香山南路)-杏石口_山西面馆
2015/9/24,100012,北京市石景山区八大处路西黄村后街29号_大馅水饺对面,116.208611,39.932908,I1-6,I1-6(香山南路)-西黄村_山西面馆
2015/9/24,100056,北京市石景山区西黄村路入口_西黄村车站北侧往东胡同里,116.208611,39.932908,I1-6,I1-6(香山南路)-西黄村_大饼
2015/9/24,100114,北京市石景山区八大处路西黄新村北里南门,116.2055428,39.9350634,I1-6,I1-6(香山南路)-西黄村_小酒馆家常菜
2015/9/24,100140,北京市海淀区杏石口双新园车站北侧路边,116.211212,39.959316,I1-6,I1-6(香山南路)-杏石口_麻辣烫
2015/9/24,100184,北京市海淀区香山街道煤厂街6号北京农商银行斜对面,116.199661,39.995403,I1-6,I1-6(香山南路)-煤厂街6号-单县羊汤
2015/9/24,100190,北京市石景山区苹果园八大处路,116.187381,39.928333,I1-6,I1-6(香山南路)－八大处_鲁香园地锅鸡
2015/9/24,100014,北京市石景山区八角衙门口纸库西200米_景阳东街西侧胡同,116.197345,39.895987,I1-7,I1-7(古城二线)-八角衙门口纸库西_新晋面食
2015/9/24,100024,北京市石景山区古城南街好哥们饭店右侧胡同里,116.1894262,39.8958605,I1-7,I1-7(古城二线)-兰州拉面
2015/9/24,100028,北京市石景山区古城南街首钢建设公司对面,116.1894262,39.8958605,I1-7,I1-7(古城二线)-天宇东北菜
2015/9/24,100058,北京市石景山区衙门口村上后街29号京源中学对面,116.21294,39.892027,I1-7,I1-7(古城二线)-衙门口村-陕西凉皮
2015/9/24,100059,北京市石景山区衙门口村上后街29号京源中学对面到了打电话,116.21294,39.892027,I1-7,I1-7(古城二线)-山西凉皮
2015/9/24,100060,北京市石景山区衙门口西后街_物廉美超市右拐胡同内,116.210007,39.888847,I1-7,I1-7(古城二线)-衙门口_牛肉拉面刀削面
2015/9/24,100070,古城南街基业网吧对面工地直行500米,116.1894262,39.8958605,I1-7,I1-7(古城二线)-小重庆三峡
2015/9/24,100071,古城南里七天酒店对面山西面食,116.192017,39.9073,I1-7,I1-7(古城二线)－古城南里七天酒店对面-山西面食
2015/9/24,100117,北京市石景山区古城南街基业网吧对面工地200米左拐,116.1894262,39.8958605,I1-7,I1-7(古城二线)-古城南街-安徽正宗牛肉板面王
2015/9/24,100168,北京市石景山区南街56号旧货市场旁边,116.127708,39.953762,I1-7,I1-7(古城二线)-骨里香
2015/9/24,100171,北京市石景山区衙门口小横街,116.210245,39.88302,I1-7,I1-7(古城二线)-衙门口小横街_铁锅柴鸡羊蝎子早点摊
2015/9/24,100187,北京市石景山区古城南街地铁口往西十字路口往南500米左右,116.186916,39.903888,I1-7,I1-7(古城二线)-古城南街地铁口往西-晋南风味小吃
2015/9/24,100194,北京市石景山区衙门口小横街鑫谷市场后面,116.208305,39.890659,I1-7,I1-7(古城二线)-小横街-牛肉板面
2015/9/24,100047,北京市石景山区苹果园地铁站旁边,116.187381,39.928333,I1-8,I1-8(苹果园3)-老鸭粉丝汤
2015/9/24,100051,北京市石景山区苹果园西井路西口_公交站北侧,116.187381,39.928333,I1-8,
2015/9/24,100073,苹果园大街琅山公交站旁边,116.1804376,39.9330187,I1-8,I1-8(苹果园3)-金顶街-西部美食
2015/9/24,100096,石景山区苹果园金顶街西口丁字路口金顶路北,116.187381,39.928333,I1-8,I1-8(苹果园3)-晨光烧饼2
2015/9/24,100097,石景山区苹果园金顶街西口沙县小吃,116.187381,39.928333,I1-8,I1-8(苹果园3)-西黄村_山西烧饼
2015/9/24,100098,石景山区苹果园金顶西街,116.187381,39.928333,I1-8,I1-8(苹果园3)-苹果园
2015/9/24,100115,北京市石景山区八角街道杨庄东街21_1号,116.197227,39.928986,I1-8,I1-8(苹果园3)-叭叭脆_驴肉火烧
2015/9/24,100121,北京市石景山区金顶街三区,116.170769,39.925503,I1-8,I1-8(苹果园3)-金顶街西口-沙县小吃
2015/9/24,100127,北京市石景山区苹果园街道西黄村车站北工大北街,116.208611,39.932908,I1-8,香河肉饼
2015/9/24,100134,石景山区苹果园金顶街68号,116.187381,39.928333,I1-8,I1-8(苹果园3)-西井路西口_聚晋友面馆
2015/9/24,100001,北京石景山区古城十万平菜市场馒头房,116.1884865,39.9113,I1-1,I1-1古城－古城十万平菜市场－馒头房
2015/9/24,100013,北京市石景山区八角文化广场特廉特早市内,116.194656,39.916004,I1-1,I1-1(古城)-八角文化广场特廉特早市内-糕点房
2015/9/24,100015,北京市石景山区古城北路22号_物美超市旁边,116.189926,39.917725,I1-1,I1-1(古城)-古城北路22号_物美超市旁边-主食厨房
2015/9/24,100017,北京市石景山区古城街道_地铁口西侧十字路口往西500米胡同内,116.184787,39.907901,I1-1,I1-1(古城)-白雪川味小吃
2015/9/24,100018,北京市石景山区古城街道_地铁口西侧十字路口西边500米胡同内,116.184809,39.907707,I1-1,I1-1(古城)-山西烧饼
2015/9/24,100019,北京市石景山区古城街道老古城首钢十万平居民区,116.181959,39.907677,I1-1,I1-1(古城)－古城街道老古城首钢居民区－长白山酒家
2015/9/24,100020,北京市石景山区古城街道首钢十万平居民区,116.183235,39.908585,I1-1,I1-1(古城)-安徽牛肉板面
2015/9/24,100021,北京市石景山区古城街道首钢十万平居民区_十字路口往西500米,116.1821903,39.9085665,I1-1,I1-1(古城)-古城街道首钢居民区-兰州拉面
2015/9/24,100026,北京市石景山区古城南街基业网吧对面工地300米左拐,116.1894262,39.8958605,I1-1,I1-1(古城)-古城南街-巫山烤鱼家常菜
2015/9/24,100054,北京市石景山区石景山路盛景国际广场物美大厦三层美食广场,116.201457,39.907532,I1-1,八角_香河肉饼
2015/9/24,100068,古城大街大鸭梨饭店南侧,116.1867722,39.9128384,I1-1,I1-1(古城)-驴肉火烧2号
2015/9/24,100078,石景山区老古城十万平小区菜市场,116.1810308,39.9082252,I1-1,I1-1(古城)-老古城十万平小区-主食厨房
2015/9/24,100105,石景山杨庄北区22号楼5单元,116.196082,39.926777,I1-1,I1-1古城－杨庄北区22号楼－肉夹馍
2015/9/24,100116,北京市石景山区古城街道古城南街68号好哥们饭店右侧胡同里第一家,116.189613,39.897869,I1-1,I1-1(古城)-华英居快餐
2015/9/24,100145,北京市石景山区古城南路污水处理厂斜对面_在好哥们右侧胡同往里走,116.1922659,39.9109902,I1-1,I1-1(古城)-古城南路污水处理厂-陕西小吃
2015/9/24,100186,北京市石景山区古城南街_春悦隆私房菜胡同里,116.1867191,39.9067199,I1-1,I1-1(古城)-驴肉火烧
2015/9/24,100188,北京市石景山区古城小街泰康医院旁,116.188591,39.914619,I1-1,I1-1(古城)-古城小街泰康医院旁-酷味烧烤
2015/9/24,100193,北京市石景山区信达路靠近盛景国际广场3层美食城,116.201457,39.907532,I1-1,I1-1古城-盛景国际广场-营养快餐
2015/9/24,100193,北京市石景山区信达路靠近盛景国际广场3层美食城,116.201457,39.907532,I1-1,I1-1古城-盛景国际广场-营养快餐
2015/9/24,100195,古城南路44号楼兰州老马拉面,116.192574,39.907906,I1-1,I1-1(古城)－古城南路44号楼-兰州老马拉面
2015/9/24,100196,石景山区古城西街25号,116.176125,39.910919,I1-1,I1-1古城-8388家常菜
2015/9/24,100030,北京市石景山区华联商厦5楼美食城,116.219925,39.906467,I1-2,I1-2(石景山)-华联商厦-麻辣香锅
2015/9/24,100037,北京市石景山区鲁谷大街华联商厦5楼美食城过桥米线,116.219925,39.906467,I1-2,I1-2(石景山)-鲁谷大街-华联过桥米线
2015/9/24,100041,北京市石景山区鲁谷街道焦家坟路口东公交车站门口,116.2253452,39.8987604,I1-2,I1-2(石景山)-鲁谷街道焦家坟路口东-烧饼夹鸡蛋
2015/9/24,100075,石景山鲁谷七星园小区2号楼底商日月潭饭店旁边,116.226668,39.899654,I1-2,I1-2(石景山)-七星园小区-陕西风味小吃
2015/9/24,100080,石景山区鲁谷大街重聚路华庭快捷酒店底商西侧,116.229218,39.895107,I1-2,I1-2(石景山)～重聚路～香河肉饼
2015/9/24,100081,石景山区鲁谷大街重聚路路口,116.229554,39.894984,I1-2,I1-2(石景山)-鲁谷大街-杨大姐麻辣烫
2015/9/24,100082,石景山区鲁谷大街重聚园路华庭酒店底商西侧,116.227188,39.894936,I1-2,I1-2(石景山)－鲁谷大街重聚园路－川味家常菜
2015/9/24,100104,石景山区永乐东小区门口,116.229788,39.900547,I1-2,I1-2(石景山)-永乐东小区门口-黄桥烧饼
2015/9/24,100108,永乐西小区24号楼对面,116.228065,39.901932,I1-2,I1-2(石景山)-永乐西小区24号对面-山西面馆
2015/9/24,100124,北京市石景山区鲁谷大街华联商厦5楼美食城里,116.219925,39.906467,I1-2,I1-2(石景山)-鲁谷大街-黄焖鸡米饭啊
2015/9/24,100146,北京市石景山区鲁谷街道八宝山地铁口向北走1公里第二个红绿灯,116.236321,39.914631,I1-2,I1-2(石景山)-安徽板面
2015/9/24,100154,丰台区张仪村丰仪家园西500米路南,116.227055,39.879349,I1-2,I1-2(石景山)-张仪村-有约共享饺子馆
2015/9/24,100192,北京市石景山区石景山路22号华联商厦5层,116.219031,39.906273,I1-2,I1-2(石景山)-张小厨
2015/9/24,100197,石景山区鲁谷路石景山医院南侧皓月写字楼底商,116.214451,39.906008,I1-2,I1-2(石景山)-鲁谷路-沙县小吃
2015/9/24,100033,北京市石景山区老山街道金宝山农贸市场54号,116.21579,39.911098,I1-4,I1-4(石景山二线-老山街道-安徽板面
2015/9/24,100034,北京市石景山区老山街道老山东里4号楼旁边,116.226357,39.909241,I1-4,I1-4(石景山二线)-好再来饺子馆
2015/9/24,100035,北京市石景山区老山西街金宝山农贸市场56号,116.21579,39.911098,I1-4,I1-4(石景山二线)-老山西街金宝山农贸市场-老北京烧饼
2015/9/24,100038,北京市石景山区鲁谷大街眼科医院旁边,116.249672,39.903999,I1-4,I1-4(石景山二线)-鲁谷大街-多味面
2015/9/24,100039,北京市石景山区鲁谷大街永乐东小区41号楼前,116.230845,39.901176,I1-4,I1-4(石景山二线)-鲁谷大街永乐东小区-香河肉饼
2015/9/24,100040,北京市石景山区鲁谷大街永乐西小区北门3号楼南侧,116.225645,39.900125,I1-4,I1-4(石景山二线)-永乐西小区-社区食堂中餐
2015/9/24,100062,北京市石景山区永乐东小区华奥学校旁边便民菜市场里面,116.235104,39.898948,I1-4,I1-4(石景山二线)-保定正宗手擀面
2015/9/24,100125,北京市石景山区鲁谷大街永乐西小区里24号楼对面社区食堂,116.227117,39.9035921,I1-4,I1-4(石景山二线)-永乐西小区-社区食堂
2015/9/24,100130,石景山区雕塑园南街玉鲁商厦旁边小胡同里5号,116.2436652,39.8977862,I1-4,I1-4(石景山二线)-香河肉饼
2015/9/24,100189,北京市石景山区鲁谷大街永乐东小区华奥学校旁边便民菜市场里面,116.230845,39.901176,I1-4,I1-4(石景山二线)-山东呛面馒头
2015/9/24,100000,北京石景山模式口东里五区,116.168945,39.933979,I1-3,I1-3苹果园－模式口-圣洁饺孑家常菜
2015/9/24,100044,北京市石景山区模式口东里公交站旁东侧,116.1699617,39.9337707,I1-3,I1-3(苹果园)-模式口_山西面馆
2015/9/24,100049,北京市石景山区苹果园模式口东里模东食品店,116.187381,39.928333,I1-3,I1-3苹果园－模式口-模东食品店
2015/9/24,100090,石景山区苹果园北辛安七号,116.187381,39.928333,I1-3,I1-3苹果园-北辛安-烧饼羊杂汤
2015/9/24,100095,石景山区苹果园二区西门（苹果园大街）,116.189735,39.930913,I1-3,I1-3(苹果园)-驴肉火烧
2015/9/24,100169,北京市石景山区苹果园西井路17号_实兴西街与西井路交叉,116.187381,39.928333,I1-3,I1-3(苹果园)_苹果园西井路17号-曹老西面酷
2015/9/24,100185,北京市石景山区北辛安和平街五道口,116.161314,39.922841,I1-3,I1-3(苹果园)-北辛安和平街-山西刀削面
2015/9/24,100191,北京市石景山区苹果园新生活商场,116.187381,39.928333,I1-3,I1-3苹果园-苹果园新生活-主食厨房
2015/9/24,100198,石景山区模式口村28号院27排,116.166675,39.935747,I1-3,I1-3苹果园-模式口-凉皮店
2015/9/24,100199,石景山区苹果园北辛安大街49号,116.187381,39.928333,I1-3,I1-3苹果园-北辛安-河南滋补烩面
2015/9/24,100200,石景山区苹果园北辛安和平街一号,116.187381,39.928333,I1-3,I1-3苹果园-主食厨房2
2015/9/24,100201,石景山区苹果园新生活5层3号川味家常菜,116.187381,39.928333,I1-3,I1-3(苹果园)-石景山区苹果园川味家常菜
2015/9/25,100032,北京市石景山区金顶街西路_金景街一区西口拉面馆对面,116.16188,39.927074,I1-5,I1-5(苹果园二线)-金景街一区-天津风味烧饼
2015/9/25,100043,北京市石景山区麻裕北口,116.128769,39.938788,I1-5,苹果园二线－麻裕－上海龙园包子
2015/9/25,100053,北京市石景山区三家店西口,116.1035472,39.9591746,I1-5,I1-5苹果园二线－三家店天津包子
2015/9/25,100055,北京市石景山区五里坨隆恩寺3号院,116.125899,39.971603,I1-5,I1-5(苹果园二线)-五里坨_军休餐厅
2015/9/25,100083,石景山区麻裕北口16号,116.206386,39.9159935,I1-5,I1-5苹果园二线－麻裕－刘记驴肉火烧
2015/9/25,100103,石景山区五里屯炮厂小区菜市场内,116.1350819,39.9584041,I1-5,I1-5苹果园二线-五里坨-肉夹馍大饼
2015/9/25,100135,石景山区三家店大街,116.2033682,39.9309097,I1-5,I1-5苹果园二线-三家店-上海龙园包子
2015/9/25,100175,石景山区广宁村复兴街内善缘川火锅对面,116.144168,39.930615,I1-5,I1-5苹果园二线-广宁村复兴街-本乡主食厨房
2015/9/25,100202,石景山区五里屯隆恩寺路,116.125935,39.971618,I1-5,I1-5苹果园二线-五里坨-杭州小吃包子
2015/9/25,100209,石景山区三家店街药店旁边,116.110097,39.962169,I1-5,I1-5苹果园二线-三家店街-安徽板面（6环）
2015/9/25,100210,石景山区三家店新建路25号,116.1174577,39.952944,I1-5,I1-5苹果园二线-三家店-盛誉鸣饺子
2015/9/25,100002,北京市海淀区四季青镇杏石口路巨山农场,116.224831,39.952286,I1-6,I1-6(香山南路)-杏石口路巨山农场-晋川美食
2015/9/25,100003,北京市海淀区四季青镇杏石口路巨石农场,116.224252,39.9557686,I1-6,I1-6(香山南路)-老四川农家菜
2015/9/25,100004,北京市海淀区四季青镇杏石口路祁家村,116.224515,39.961568,I1-6,I1-6(香山南路)-杏石口路祁家村-肉夹馍
2015/9/25,100004,北京市海淀区四季青镇杏石口路祁家村,116.224515,39.961568,I1-6,I1-6(香山南路)-杏石口路祁家村-肉夹馍
2015/9/25,100006,北京市海淀区香山街道一颗松路东口,116.279724,39.957205,I1-6,I1-6(香山南路)-一颗松路东口-山西面馆
2015/9/25,100007,北京市海淀区杏石口北辛庄双新园车站北侧胡同里,116.213364,39.969662,I1-6,I1-6(香山南路)-杏石口北辛庄_馅馅香小吃
2015/9/25,100008,北京市海淀区杏石口桥西侧香山南路_南辛庄车站西北侧胡同里,116.209091,39.957867,I1-6,I1-6(香山南路)-杏石口_山西面馆
2015/9/25,100012,北京市石景山区八大处路西黄村后街29号_大馅水饺对面,116.208611,39.932908,I1-6,I1-6(香山南路)-西黄村_山西面馆
2015/9/25,100045,北京市石景山区苹果园八大处路西黄村后街_景园农家菜里面20米,116.208611,39.932908,I1-6,I1-6(香山南路)-八大处_东北快餐
2015/9/25,100056,北京市石景山区西黄村路入口_西黄村车站北侧往东胡同里,116.208611,39.932908,I1-6,I1-6(香山南路)-西黄村_大饼
2015/9/25,100072,海淀区香山南路南辛庄街内,116.2215614,39.9512192,I1-6,I1-6香山南路-南辛庄-烧饼大饼
2015/9/25,100076,石景山区八大处路西黄村85号,116.208611,39.932908,I1-6,I1-6香山南路-八大处-西黄村手擀面
2015/9/25,100137,石景山区邵家坡驻军一号装备部兵缘餐厅,116.176025,39.945652,I1-6,I1-6(香山南路)-邵家坡驻军一号装备部-兵缘餐厅
2015/9/25,100140,北京市海淀区杏石口双新园车站北侧路边,116.211212,39.959316,I1-6,I1-6(香山南路)-杏石口_麻辣烫
2015/9/25,100163,北京市海淀区四季青镇巨山农场,116.224831,39.952286,I1-6,I1-6(香山南路)-巨山农场-香河肉饼
2015/9/25,100165,北京市海淀区四季青镇南平庄街里,116.2397,39.946262,I1-6,I1-6(香山南路)-南平庄街里-嘉乐过桥米线
2015/9/25,100184,北京市海淀区香山街道煤厂街6号北京农商银行斜对面,116.199661,39.995403,I1-6,I1-6(香山南路)-煤厂街6号-单县羊汤
2015/9/25,100190,北京市石景山区苹果园八大处路,116.187381,39.928333,I1-6,I1-6(香山南路)－八大处_鲁香园地锅鸡
2015/9/25,100211,石景山区西黄村小区北口,116.208611,39.932908,I1-6,I1-6香山南路-西黄村小区-红汤拉面
2015/9/25,100014,北京市石景山区八角衙门口纸库西200米_景阳东街西侧胡同,116.197345,39.895987,I1-7,I1-7(古城二线)-八角衙门口纸库西_新晋面食
2015/9/25,100058,北京市石景山区衙门口村上后街29号京源中学对面,116.21294,39.892027,I1-7,I1-7(古城二线)-衙门口村-陕西凉皮
2015/9/25,100059,北京市石景山区衙门口村上后街29号京源中学对面到了打电话,116.21294,39.892027,I1-7,I1-7(古城二线)-山西凉皮
2015/9/25,100060,北京市石景山区衙门口西后街_物廉美超市右拐胡同内,116.210007,39.888847,I1-7,I1-7(古城二线)-衙门口_牛肉拉面刀削面
2015/9/25,100070,古城南街基业网吧对面工地直行500米,116.1894262,39.8958605,I1-7,I1-7(古城二线)-小重庆三峡
2015/9/25,100071,古城南里七天酒店对面山西面食,116.192017,39.9073,I1-7,I1-7(古城二线)－古城南里七天酒店对面-山西面食
2015/9/25,100117,北京市石景山区古城南街基业网吧对面工地200米左拐,116.1894262,39.8958605,I1-7,I1-7(古城二线)-古城南街-安徽正宗牛肉板面王
2015/9/25,100119,北京市石景山区古城南街搅拌站对面跃红蕾超市旁边,116.1894,39.900246,I1-7,I1-7(古城二线)-古城_烙饼烧饼
2015/9/25,100123,北京市石景山区景阳东街南山旧货市场旁边,116.2067971,39.9021069,I1-7,I1-7(古城二线)-八角景阳东街_山西特色面馆
2015/9/25,100152,北京市石景山区衙门口西后街_物廉美超市旁边,116.210007,39.888847,I1-7,I1-7(古城二线)-八角_酱香饼
2015/9/25,100168,北京市石景山区南街56号旧货市场旁边,116.127708,39.953762,I1-7,I1-7(古城二线)-骨里香
2015/9/25,100171,北京市石景山区衙门口小横街,116.210245,39.88302,I1-7,I1-7(古城二线)-衙门口小横街_铁锅柴鸡羊蝎子早点摊
2015/9/25,100171,北京市石景山区衙门口小横街,116.210245,39.88302,I1-7,I1-7(古城二线)-衙门口小横街_铁锅柴鸡羊蝎子早点摊
2015/9/25,100187,北京市石景山区古城南街地铁口往西十字路口往南500米左右,116.186916,39.903888,I1-7,I1-7(古城二线)-古城南街地铁口往西-晋南风味小吃
2015/9/25,100194,北京市石景山区衙门口小横街鑫谷市场后面,116.208305,39.890659,I1-7,I1-7(古城二线)-小横街-牛肉板面
2015/9/25,100047,北京市石景山区苹果园地铁站旁边,116.187381,39.928333,I1-8,I1-8(苹果园3)-老鸭粉丝汤
2015/9/25,100048,北京市石景山区苹果园地铁站新生活大厦底商,116.187381,39.928333,I1-8,
2015/9/25,100051,北京市石景山区苹果园西井路西口_公交站北侧,116.187381,39.928333,I1-8,I1-8(苹果园3)-苹果园二区-山西刀削面
2015/9/25,100073,苹果园大街琅山公交站旁边,116.1804376,39.9330187,I1-8,I1-8(苹果园3)-金顶街西口-沙县小吃
2015/9/25,100093,石景山区苹果园地铁站东边,116.187381,39.928333,I1-8,I1-8(苹果园3)-金顶街-西部美食
2015/9/25,100094,石景山区苹果园地铁站对面新生活五层美食城,116.187381,39.928333,I1-8,I1-8(苹果园3)-地铁站对面-粥饼屋
2015/9/25,100096,石景山区苹果园金顶街西口丁字路口金顶路北,116.187381,39.928333,I1-8,I1-8(苹果园3)-晨光烧饼2
2015/9/25,100097,石景山区苹果园金顶街西口沙县小吃,116.187381,39.928333,I1-8,I1-8(苹果园3)-西井路西口_聚晋友面馆
2015/9/25,100098,石景山区苹果园金顶西街,116.187381,39.928333,I1-8,I1-8(苹果园3)-苹果园
2015/9/25,100100,石景山区苹果园新生活商城1层东边门口,116.187381,39.928333,I1-8,I1-8(苹果园3)-苹果园_手抓饼
2015/9/25,100115,北京市石景山区八角街道杨庄东街21_1号,116.197227,39.928986,I1-8,I1-8(苹果园3)-叭叭脆_驴肉火烧
2015/9/25,100121,北京市石景山区金顶街三区,116.170769,39.925503,I1-8,I1-8(苹果园3)～山西主食
2015/9/25,100132,石景山区苹果园大街苹果园二区,116.187814,39.930623,I1-8,香河肉饼
2015/9/25,100134,石景山区苹果园金顶街68号,116.187381,39.928333,I1-8,I1-8(苹果园3)-苹果园新生活-江南大包
2015/9/25,100207,石景山区苹果园地铁站北门金顶山村,116.17416,39.929872,I1-8,I1-8(苹果园3)-地铁站北门金顶山村-多味饼屋
2015/9/25,100208,石景山区苹果园五道口北辛安振兴建材供应站对面,116.187381,39.928333,I1-8,I1-8(苹果园3)-正宗牛肉板面王
2015/9/25,100001,北京石景山区古城十万平菜市场馒头房,116.1884865,39.9113,I1-1,I1-1古城－古城十万平菜市场－馒头房
2015/9/25,100013,北京市石景山区八角文化广场特廉特早市内,116.194656,39.916004,I1-1,I1-1(古城)-八角文化广场特廉特早市内-糕点房
2015/9/25,100015,北京市石景山区古城北路22号_物美超市旁边,116.189926,39.917725,I1-1,I1-1(古城)-古城北路22号_物美超市旁边-主食厨房
2015/9/25,100017,北京市石景山区古城街道_地铁口西侧十字路口往西500米胡同内,116.184787,39.907901,I1-1,I1-1(古城)-白雪川味小吃
2015/9/25,100018,北京市石景山区古城街道_地铁口西侧十字路口西边500米胡同内,116.184809,39.907707,I1-1,I1-1(古城)-山西烧饼
2015/9/25,100019,北京市石景山区古城街道老古城首钢十万平居民区,116.181959,39.907677,I1-1,I1-1(古城)－古城街道老古城首钢居民区－长白山酒家
2015/9/25,100020,北京市石景山区古城街道首钢十万平居民区,116.183235,39.908585,I1-1,I1-1(古城)-安徽牛肉板面
2015/9/25,100021,北京市石景山区古城街道首钢十万平居民区_十字路口往西500米,116.1821903,39.9085665,I1-1,I1-1(古城)-古城街道首钢居民区-兰州拉面
2015/9/25,100026,北京市石景山区古城南街基业网吧对面工地300米左拐,116.1894262,39.8958605,I1-1,I1-1(古城)-古城南街-巫山烤鱼家常菜
2015/9/25,100069,古城大街甲4号（洪福牛肉拉面往西胡同里）,116.187019,39.915146,I1-1,I1-1(古城)-古城大街甲4号-山西刀削面
2015/9/25,100074,石景山古城小街北口，泰康医院斜对面,116.188591,39.914619,I1-1,I1-1(古城)-古城小街北口-香河肉饼
2015/9/25,100078,石景山区老古城十万平小区菜市场,116.1810308,39.9082252,I1-1,I1-1(古城)-老古城十万平小区-主食厨房
2015/9/25,100105,石景山杨庄北区22号楼5单元,116.196082,39.926777,I1-1,I1-1古城－杨庄北区22号楼－肉夹馍
2015/9/25,100109,八角南路古城公园东南角汉庭酒店旁边,116.194534,39.910835,I1-1,I1-1(古城)-古城公园东南角-老巩饺子
2015/9/25,100170,北京市石景山区信达路靠近盛景国际广场3层美食城,116.201457,39.907532,I1-1,I1-1古城-盛景国际广场-西北面食
2015/9/25,100186,北京市石景山区古城南街_春悦隆私房菜胡同里,116.1867191,39.9067199,I1-1,I1-1(古城)-驴肉火烧
2015/9/25,100188,北京市石景山区古城小街泰康医院旁,116.188591,39.914619,I1-1,I1-1(古城)-古城小街泰康医院旁-酷味烧烤
2015/9/25,100212,石景山区杨庄交通队西侧200米,116.190163,39.924149,I1-1,I1-1(古城)-杨庄-赵记酱骨炖菜
2015/9/25,100041,北京市石景山区鲁谷街道焦家坟路口东公交车站门口,116.2253452,39.8987604,I1-2,I1-2(石景山)-鲁谷街道焦家坟路口东-烧饼夹鸡蛋
2015/9/25,100042,北京市石景山区鲁谷街道永乐西小区3号楼社区食堂,116.225006,39.903259,I1-2,I1-2(石景山)-鲁谷-山西面馆
2015/9/25,100082,石景山区鲁谷大街重聚园路华庭酒店底商西侧,116.227188,39.894936,I1-2,I1-2(石景山)－鲁谷大街重聚园路－川味家常菜
2015/9/25,100104,石景山区永乐东小区门口,116.229788,39.900547,I1-2,I1-2(石景山)-永乐东小区门口-黄桥烧饼
2015/9/25,100107,石景山重聚路西8号楼底商,116.231209,39.895168,I1-2,I1-2(石景山)－重聚路－豫香园包子
2015/9/25,100108,永乐西小区24号楼对面,116.228065,39.901932,I1-2,I1-2(石景山)-永乐西小区24号对面-山西面馆
2015/9/25,100124,北京市石景山区鲁谷大街华联商厦5楼美食城里,116.219925,39.906467,I1-2,I1-2(石景山)-鲁谷大街-黄焖鸡米饭啊
2015/9/25,100146,北京市石景山区鲁谷街道八宝山地铁口向北走1公里第二个红绿灯,116.236321,39.914631,I1-2,I1-2(石景山)-安徽板面
2015/9/25,100197,石景山区鲁谷路石景山医院南侧皓月写字楼底商,116.214451,39.906008,I1-2,I1-2(石景山)-鲁谷路-沙县小吃
2015/9/25,100000,北京石景山模式口东里五区,116.168945,39.933979,I1-3,I1-3苹果园－模式口-圣洁饺孑家常菜
2015/9/25,100031,北京市石景山区金顶街金顶北路赵山小区五号楼对面,116.16442,39.93071,I1-3,I1-3(苹果园)_金顶街金顶北路-山西面馆
2015/9/25,100049,北京市石景山区苹果园模式口东里模东食品店,116.187381,39.928333,I1-3,I1-3苹果园－模式口-模东食品店
2015/9/25,100088,石景山区苹果园北辛安38号,116.187381,39.928333,I1-3,I1-3苹果园-北辛安-咯咯香家常菜
2015/9/25,100089,石景山区苹果园北辛安大街38号,116.187381,39.928333,I1-3,I1-3苹果园-北辛安-蜀风拉面馆
2015/9/25,100090,石景山区苹果园北辛安七号,116.187381,39.928333,I1-3,I1-3苹果园-北辛安-烧饼羊杂汤
2015/9/25,100095,石景山区苹果园二区西门（苹果园大街）,116.189735,39.930913,I1-3,I1-3(苹果园)-驴肉火烧
2015/9/25,100169,北京市石景山区苹果园西井路17号_实兴西街与西井路交叉,116.187381,39.928333,I1-3,I1-3(苹果园)_苹果园西井路17号-曹老西面酷
2015/9/25,100185,北京市石景山区北辛安和平街五道口,116.161314,39.922841,I1-3,I1-3(苹果园)-北辛安和平街-山西刀削面
2015/9/25,100198,石景山区模式口村28号院27排,116.166675,39.935747,I1-3,I1-3苹果园-模式口-凉皮店
2015/9/25,100201,石景山区苹果园新生活5层3号川味家常菜,116.187381,39.928333,I1-3,I1-3(苹果园)-石景山区苹果园川味家常菜
2015/9/25,100205,北京石景山区北辛安五道口,116.1616365,39.9217663,I1-3,I1-3苹果园－石景山区北辛安五道口－食尚川菜
2015/9/25,100206,北京市石景山区北辛安首钢东小门,116.1616365,39.9217663,I1-3,I1-3(苹果园)-北辛安-山西小吃
2015/9/25,100009,北京市石景山六合园12楼底商,116.219732,39.898519,I1-4,I1-4(石景山二线)-六合园12楼底商-天津烧饼
2015/9/25,100033,北京市石景山区老山街道金宝山农贸市场54号,116.21579,39.911098,I1-4,I1-4(石景山二线-老山街道-安徽板面
2015/9/25,100034,北京市石景山区老山街道老山东里4号楼旁边,116.226357,39.909241,I1-4,I1-4(石景山二线)-好再来饺子馆
2015/9/25,100035,北京市石景山区老山西街金宝山农贸市场56号,116.21579,39.911098,I1-4,I1-4(石景山二线)-老山西街金宝山农贸市场-老北京烧饼
2015/9/25,100038,北京市石景山区鲁谷大街眼科医院旁边,116.249672,39.903999,I1-4,I1-4(石景山二线)-鲁谷大街-多味面
2015/9/25,100040,北京市石景山区鲁谷大街永乐西小区北门3号楼南侧,116.225645,39.900125,I1-4,I1-4(石景山二线)-永乐西小区-社区食堂中餐
2015/9/25,100062,北京市石景山区永乐东小区华奥学校旁边便民菜市场里面,116.235104,39.898948,I1-4,I1-4(石景山二线)-保定正宗手擀面
2015/9/25,100125,北京市石景山区鲁谷大街永乐西小区里24号楼对面社区食堂,116.227117,39.9035921,I1-4,I1-4(石景山二线)-永乐西小区-社区食堂
2015/9/25,100126,北京市石景山区鲁谷街道永乐西小区久筑物业底商118号,116.222717,39.902996,I1-4,I1-4(石景山二线)-鲁谷街道-沙县小吃
2015/9/25,100138,石景山永乐西小区25号楼西侧,116.22812,39.901171,I1-4,I1-4(石景山二线)-永乐西小区25号楼-兴月隋园
2015/9/25,100167,北京市石景山区老山街道首钢老山居民区邮局对面,116.2156946,39.9107978,I1-4,I1-4(石景山二线)-老山街道-河间驴肉火烧
2015/9/25,100189,北京市石景山区鲁谷大街永乐东小区华奥学校旁边便民菜市场里面,116.230845,39.901176,I1-4,I1-4(石景山二线)-山东呛面馒头
2015/9/26,100032,北京市石景山区金顶街西路_金景街一区西口拉面馆对面,116.16188,39.927074,I1-5,I1-5(苹果园二线)-金景街一区-天津风味烧饼
2015/9/26,100043,北京市石景山区麻裕北口,116.128769,39.938788,I1-5,苹果园二线－麻裕－上海龙园包子
2015/9/26,100053,北京市石景山区三家店西口,116.1035472,39.9591746,I1-5,I1-5苹果园二线－三家店天津包子
2015/9/26,100055,北京市石景山区五里坨隆恩寺3号院,116.125899,39.971603,I1-5,I1-5(苹果园二线)-五里坨_军休餐厅
2015/9/26,100077,石景山区广宁村复兴街药店旁边,116.144168,39.930615,I1-5,I1-5苹果园二线-广宁村复兴街-水饺凉菜（6环）
2015/9/26,100083,石景山区麻裕北口16号,116.206386,39.9159935,I1-5,I1-5苹果园二线－麻裕－刘记驴肉火烧
2015/9/26,100086,石景山区麻裕村东街菜市场北一百米,116.1701503,39.9351542,I1-5,I1-5苹果园二线-麻裕村东街42号-山西面食店
2015/9/26,100103,石景山区五里屯炮厂小区菜市场内,116.1350819,39.9584041,I1-5,I1-5苹果园二线-五里坨-肉夹馍大饼
2015/9/26,100135,石景山区三家店大街,116.2033682,39.9309097,I1-5,I1-5苹果园二线-三家店-上海龙园包子
2015/9/26,100141,北京市门头沟区龙泉镇三家店_三家店公交车站右侧直行胡同,116.10997,39.96257,I1-5,I1-5(苹果园二线)-三家店_大饼烧饼
2015/9/26,100162,石景山三家店龙泉宾馆对面383公交车站三家店中街,116.10972,39.96304,I1-5,I1-5苹果园二线-双裕陕西凉皮
2015/9/26,100175,石景山区广宁村复兴街内善缘川火锅对面,116.144168,39.930615,I1-5,I1-5苹果园二线-广宁村复兴街-本乡主食厨房
2015/9/26,100203,石景山区五里屯南宫菜市场,116.1204888,39.9643818,I1-5,I1-5苹果园二线-五里坨南宫-南宫老马拉面
2015/9/26,100209,石景山区三家店街药店旁边,116.110097,39.962169,I1-5,I1-5苹果园二线-三家店街-安徽板面（6环）
2015/9/26,100220,石景山区麻裕村东街42号,116.1701503,39.9351542,I1-5,I1-5苹果园二线-麻裕村东街42号-驴肉火烧（6环）
2015/9/26,100002,北京市海淀区四季青镇杏石口路巨山农场,116.224831,39.952286,I1-6,I1-6(香山南路)-杏石口路巨山农场-晋川美食
2015/9/26,100004,北京市海淀区四季青镇杏石口路祁家村,116.224515,39.961568,I1-6,I1-6(香山南路)-杏石口路祁家村-肉夹馍
2015/9/26,100004,北京市海淀区四季青镇杏石口路祁家村,116.224515,39.961568,I1-6,I1-6(香山南路)-杏石口路祁家村-肉夹馍
2015/9/26,100005,北京市海淀区香山街道煤厂街11号,116.198227,39.995621,I1-6,I1-6(香山南路)-香山街道煤厂街11号-刘记天津烧饼
2015/9/26,100006,北京市海淀区香山街道一颗松路东口,116.279724,39.957205,I1-6,I1-6(香山南路)-一颗松路东口-山西面馆
2015/9/26,100007,北京市海淀区杏石口北辛庄双新园车站北侧胡同里,116.213364,39.969662,I1-6,I1-6(香山南路)-杏石口北辛庄_馅馅香小吃
2015/9/26,100008,北京市海淀区杏石口桥西侧香山南路_南辛庄车站西北侧胡同里,116.209091,39.957867,I1-6,I1-6(香山南路)-杏石口_山西面馆
2015/9/26,100012,北京市石景山区八大处路西黄村后街29号_大馅水饺对面,116.208611,39.932908,I1-6,I1-6(香山南路)-西黄村_山西面馆
2015/9/26,100056,北京市石景山区西黄村路入口_西黄村车站北侧往东胡同里,116.208611,39.932908,I1-6,I1-6(香山南路)-西黄村_大饼
2015/9/26,100072,海淀区香山南路南辛庄街内,116.2215614,39.9512192,I1-6,I1-6香山南路-南辛庄-烧饼大饼
2015/9/26,100076,石景山区八大处路西黄村85号,116.208611,39.932908,I1-6,I1-6香山南路-八大处-西黄村手擀面
2015/9/26,100110,北京市海淀区四季青镇南平庄晨光烧饼,116.270737,39.953682,I1-6,I1-6(香山南路)-南平庄-晨光烧饼
2015/9/26,100113,北京市石景山区八大处路26号,116.198738,39.947598,I1-6,I1-6(香山南路)-西下庄_驴肉火烧
2015/9/26,100114,北京市石景山区八大处路西黄新村北里南门,116.2055428,39.9350634,I1-6,I1-6(香山南路)-西黄村_小酒馆家常菜
2015/9/26,100140,北京市海淀区杏石口双新园车站北侧路边,116.211212,39.959316,I1-6,I1-6(香山南路)-杏石口_麻辣烫
2015/9/26,100163,北京市海淀区四季青镇巨山农场,116.224831,39.952286,I1-6,I1-6(香山南路)-巨山农场-香河肉饼
2015/9/26,100165,北京市海淀区四季青镇南平庄街里,116.2397,39.946262,I1-6,I1-6(香山南路)-南平庄街里-嘉乐过桥米线
2015/9/26,100184,北京市海淀区香山街道煤厂街6号北京农商银行斜对面,116.199661,39.995403,I1-6,I1-6(香山南路)-煤厂街6号-单县羊汤
2015/9/26,100190,北京市石景山区苹果园八大处路,116.187381,39.928333,I1-6,I1-6(香山南路)－八大处_鲁香园地锅鸡
2015/9/26,100211,石景山区西黄村小区北口,116.208611,39.932908,I1-6,I1-6香山南路-西黄村小区-红汤拉面
2015/9/26,100213,北京市海淀区杏石口桥西侧双新园车站北侧胡同内,116.211212,39.959316,I1-6,I1-6(香山南路)-杏石口_川味园
2015/9/26,100014,北京市石景山区八角衙门口纸库西200米_景阳东街西侧胡同,116.197345,39.895987,I1-7,I1-7(古城二线)-八角衙门口纸库西_新晋面食
2015/9/26,100022,北京市石景山区古城南街50米一村人家饭店旁边,116.1894262,39.8958605,I1-7,I1-7(古城二线)-古城南街-新疆美食兰州拉面
2015/9/26,100024,北京市石景山区古城南街好哥们饭店右侧胡同里,116.1894262,39.8958605,I1-7,I1-7(古城二线)-兰州拉面
2015/9/26,100028,北京市石景山区古城南街首钢建设公司对面,116.1894262,39.8958605,I1-7,I1-7(古城二线)-天宇东北菜
2015/9/26,100029,北京市石景山区古城南街污水处理厂门西_好哥们饭店右侧胡同内,116.1894262,39.8958605,I1-7,I1-7(古城二线)-古城南街污水处理厂门西-上海包子
2015/9/26,100058,北京市石景山区衙门口村上后街29号京源中学对面,116.21294,39.892027,I1-7,I1-7(古城二线)-衙门口村-陕西凉皮
2015/9/26,100060,北京市石景山区衙门口西后街_物廉美超市右拐胡同内,116.210007,39.888847,I1-7,I1-7(古城二线)-衙门口_牛肉拉面刀削面
2015/9/26,100070,古城南街基业网吧对面工地直行500米,116.1894262,39.8958605,I1-7,I1-7(古城二线)-小重庆三峡
2015/9/26,100119,北京市石景山区古城南街搅拌站对面跃红蕾超市旁边,116.1894,39.900246,I1-7,I1-7(古城二线)-古城_烙饼烧饼
2015/9/26,100153,北京市石景山区衙门口小横街物廉美超市右拐胡同内骨汤臊子面对面,116.210007,39.888847,I1-7,I1-7(古城二线)-衙门口_刀削面食馆
2015/9/26,100168,北京市石景山区南街56号旧货市场旁边,116.127708,39.953762,I1-7,I1-7(古城二线)-骨里香
2015/9/26,100171,北京市石景山区衙门口小横街,116.210245,39.88302,I1-7,I1-7(古城二线)-衙门口小横街_铁锅柴鸡羊蝎子早点摊
2015/9/26,100171,北京市石景山区衙门口小横街,116.210245,39.88302,I1-7,I1-7(古城二线)-衙门口小横街_铁锅柴鸡羊蝎子早点摊
2015/9/26,100187,北京市石景山区古城南街地铁口往西十字路口往南500米左右,116.186916,39.903888,I1-7,I1-7(古城二线)-古城南街地铁口往西-晋南风味小吃
2015/9/26,100194,北京市石景山区衙门口小横街鑫谷市场后面,116.208305,39.890659,I1-7,I1-7(古城二线)-小横街-牛肉板面
2015/9/26,100217,北京市石景山区八角小横街西后街_物廉美超市右拐,116.210007,39.888847,I1-7,I1-7(古城二线)-衙门口小横街_山西特色面食
2015/9/26,100046,北京市石景山区苹果园大街京客隆附近,116.18325,39.9331331,I1-8,
2015/9/26,100047,北京市石景山区苹果园地铁站旁边,116.187381,39.928333,I1-8,I1-8(苹果园3)-老鸭粉丝汤
2015/9/26,100073,苹果园大街琅山公交站旁边,116.1804376,39.9330187,I1-8,I1-8(苹果园3)-金顶街-西部美食
2015/9/26,100094,石景山区苹果园地铁站对面新生活五层美食城,116.187381,39.928333,I1-8,I1-8(苹果园3)-地铁站对面-粥饼屋
2015/9/26,100096,石景山区苹果园金顶街西口丁字路口金顶路北,116.187381,39.928333,I1-8,I1-8(苹果园3)-晨光烧饼2
2015/9/26,100097,石景山区苹果园金顶街西口沙县小吃,116.187381,39.928333,I1-8,I1-8(苹果园3)-苹果园新生活-江南大包
2015/9/26,100098,石景山区苹果园金顶西街,116.187381,39.928333,I1-8,I1-8(苹果园3)-苹果园
2015/9/26,100100,石景山区苹果园新生活商城1层东边门口,116.187381,39.928333,I1-8,香河肉饼
2015/9/26,100115,北京市石景山区八角街道杨庄东街21_1号,116.197227,39.928986,I1-8,I1-8(苹果园3)-叭叭脆_驴肉火烧
2015/9/26,100121,北京市石景山区金顶街三区,116.170769,39.925503,I1-8,I1-8(苹果园3)-金顶街西口-沙县小吃
2015/9/26,100134,石景山区苹果园金顶街68号,116.187381,39.928333,I1-8,I1-8(苹果园3)-苹果园大街-牛肉板面
2015/9/26,100001,北京石景山区古城十万平菜市场馒头房,116.1884865,39.9113,I1-1,I1-1古城－古城十万平菜市场－馒头房
2015/9/26,100013,北京市石景山区八角文化广场特廉特早市内,116.194656,39.916004,I1-1,I1-1(古城)-八角文化广场特廉特早市内-糕点房
2015/9/26,100015,北京市石景山区古城北路22号_物美超市旁边,116.189926,39.917725,I1-1,I1-1(古城)-古城北路22号_物美超市旁边-主食厨房
2015/9/26,100017,北京市石景山区古城街道_地铁口西侧十字路口往西500米胡同内,116.184787,39.907901,I1-1,I1-1(古城)-白雪川味小吃
2015/9/26,100018,北京市石景山区古城街道_地铁口西侧十字路口西边500米胡同内,116.184809,39.907707,I1-1,I1-1(古城)-山西烧饼
2015/9/26,100019,北京市石景山区古城街道老古城首钢十万平居民区,116.181959,39.907677,I1-1,I1-1(古城)－古城街道老古城首钢居民区－长白山酒家
2015/9/26,100020,北京市石景山区古城街道首钢十万平居民区,116.183235,39.908585,I1-1,I1-1(古城)-安徽牛肉板面
2015/9/26,100021,北京市石景山区古城街道首钢十万平居民区_十字路口往西500米,116.1821903,39.9085665,I1-1,I1-1(古城)-古城街道首钢居民区-兰州拉面
2015/9/26,100026,北京市石景山区古城南街基业网吧对面工地300米左拐,116.1894262,39.8958605,I1-1,I1-1(古城)-古城南街-巫山烤鱼家常菜
2015/9/26,100067,古城八角南路2号楼底商田老师斜对面,116.196411,39.910775,I1-1,I1-1(古城)-八角南路-山西面馆
2015/9/26,100069,古城大街甲4号（洪福牛肉拉面往西胡同里）,116.187019,39.915146,I1-1,I1-1(古城)-古城大街甲4号-山西刀削面
2015/9/26,100074,石景山古城小街北口，泰康医院斜对面,116.188591,39.914619,I1-1,I1-1(古城)-古城小街北口-香河肉饼
2015/9/26,100105,石景山杨庄北区22号楼5单元,116.196082,39.926777,I1-1,I1-1古城－杨庄北区22号楼－肉夹馍
2015/9/26,100116,北京市石景山区古城街道古城南街68号好哥们饭店右侧胡同里第一家,116.189613,39.897869,I1-1,I1-1(古城)-华英居快餐
2015/9/26,100145,北京市石景山区古城南路污水处理厂斜对面_在好哥们右侧胡同往里走,116.1922659,39.9109902,I1-1,I1-1(古城)-古城南路污水处理厂-陕西小吃
2015/9/26,100149,北京市石景山区石景山路盛景国际广场物美三层美食广场,116.201457,39.907532,I1-1,I1-1(古城)-盛景国际广场-麻辣烫
2015/9/26,100188,北京市石景山区古城小街泰康医院旁,116.188591,39.914619,I1-1,I1-1(古城)-古城小街泰康医院旁-酷味烧烤
2015/9/26,100193,北京市石景山区信达路靠近盛景国际广场3层美食城,116.201457,39.907532,I1-1,I1-1古城-盛景国际广场-营养快餐
2015/9/26,100193,北京市石景山区信达路靠近盛景国际广场3层美食城,116.201457,39.907532,I1-1,I1-1古城-盛景国际广场-营养快餐
2015/9/26,100214,北京市石景山区八角京原路1号_万商如一酒店底商,116.211273,39.902969,I1-1,I1-1(古城)-八角京原路1号_-驴肉火烧
2015/9/26,100215,北京市石景山区八角盛景国际广场三层美食广场,116.201457,39.907532,I1-1,I1-1(古城)-八角_荷叶炒饭
2015/9/26,100216,北京市石景山区八角特廉特早市内,116.195293,39.915876,I1-1,I1-1(古城)-八角特廉特早市内-老为民主食厨房
2015/9/26,100030,北京市石景山区华联商厦5楼美食城,116.219925,39.906467,I1-2,I1-2(石景山)-华联商厦-麻辣香锅
2015/9/26,100037,北京市石景山区鲁谷大街华联商厦5楼美食城过桥米线,116.219925,39.906467,I1-2,I1-2(石景山)-鲁谷大街-华联过桥米线
2015/9/26,100041,北京市石景山区鲁谷街道焦家坟路口东公交车站门口,116.2253452,39.8987604,I1-2,I1-2(石景山)-鲁谷街道焦家坟路口东-烧饼夹鸡蛋
2015/9/26,100042,北京市石景山区鲁谷街道永乐西小区3号楼社区食堂,116.225006,39.903259,I1-2,I1-2(石景山)-鲁谷-山西面馆
2015/9/26,100081,石景山区鲁谷大街重聚路路口,116.229554,39.894984,I1-2,I1-2(石景山)-鲁谷大街-杨大姐麻辣烫
2015/9/26,100106,石景山张仪村卫生院里福建切面,116.219345,39.880104,I1-2,I1-2(石景山)-张仪村卫生院里-福建切面
2015/9/26,100108,永乐西小区24号楼对面,116.228065,39.901932,I1-2,I1-2(石景山)-永乐西小区24号对面-山西面馆
2015/9/26,100124,北京市石景山区鲁谷大街华联商厦5楼美食城里,116.219925,39.906467,I1-2,I1-2(石景山)-鲁谷大街-黄焖鸡米饭啊
2015/9/26,100146,北京市石景山区鲁谷街道八宝山地铁口向北走1公里第二个红绿灯,116.236321,39.914631,I1-2,I1-2(石景山)-安徽板面
2015/9/26,100192,北京市石景山区石景山路22号华联商厦5层,116.219031,39.906273,I1-2,I1-2(石景山)-张小厨
2015/9/26,100218,丰台区张仪村建材城南,116.227055,39.879349,I1-2,I1-2(石景山)-张仪村-驴肉火烧
2015/9/26,100009,北京市石景山六合园12楼底商,116.219732,39.898519,I1-4,I1-4(石景山二线)-六合园12楼底商-天津烧饼
2015/9/26,100033,北京市石景山区老山街道金宝山农贸市场54号,116.21579,39.911098,I1-4,I1-4(石景山二线-老山街道-安徽板面
2015/9/26,100035,北京市石景山区老山西街金宝山农贸市场56号,116.21579,39.911098,I1-4,I1-4(石景山二线)-老山西街金宝山农贸市场-老北京烧饼
2015/9/26,100038,北京市石景山区鲁谷大街眼科医院旁边,116.249672,39.903999,I1-4,I1-4(石景山二线)-鲁谷大街-多味面
2015/9/26,100040,北京市石景山区鲁谷大街永乐西小区北门3号楼南侧,116.225645,39.900125,I1-4,I1-4(石景山二线)-永乐西小区-社区食堂中餐
2015/9/26,100062,北京市石景山区永乐东小区华奥学校旁边便民菜市场里面,116.235104,39.898948,I1-4,I1-4(石景山二线)-保定正宗手擀面
2015/9/26,100125,北京市石景山区鲁谷大街永乐西小区里24号楼对面社区食堂,116.227117,39.9035921,I1-4,I1-4(石景山二线)-永乐西小区-社区食堂
2015/9/26,100138,石景山永乐西小区25号楼西侧,116.22812,39.901171,I1-4,I1-4(石景山二线)-永乐西小区25号楼-兴月隋园
2015/9/26,100189,北京市石景山区鲁谷大街永乐东小区华奥学校旁边便民菜市场里面,116.230845,39.901176,I1-4,I1-4(石景山二线)-山东呛面馒头
2015/9/26,100219,石景山区老山西街金宝山农贸市场西门门口,116.21579,39.911098,I1-4,I1-4(石景山二线)～老山路～老陈拉面
2015/9/26,100000,北京石景山模式口东里五区,116.168945,39.933979,I1-3,I1-3苹果园－模式口-圣洁饺孑家常菜
2015/9/26,100044,北京市石景山区模式口东里公交站旁东侧,116.1699617,39.9337707,I1-3,I1-3(苹果园)-模式口_山西面馆
2015/9/26,100049,北京市石景山区苹果园模式口东里模东食品店,116.187381,39.928333,I1-3,I1-3苹果园－模式口-模东食品店
2015/9/26,100087,石景山区模式口村居委会对面市场,116.166675,39.935747,I1-3,I1-3苹果园-法海铁锅烙饼
2015/9/26,100088,石景山区苹果园北辛安38号,116.187381,39.928333,I1-3,I1-3苹果园-北辛安-咯咯香家常菜
2015/9/26,100089,石景山区苹果园北辛安大街38号,116.187381,39.928333,I1-3,I1-3苹果园-北辛安-蜀风拉面馆
2015/9/26,100090,石景山区苹果园北辛安七号,116.187381,39.928333,I1-3,I1-3苹果园-北辛安-烧饼羊杂汤
2015/9/26,100095,石景山区苹果园二区西门（苹果园大街）,116.189735,39.930913,I1-3,I1-3(苹果园)-驴肉火烧
2015/9/26,100131,石景山区苹果园北辛安五道口,116.187381,39.928333,I1-3,I1-3苹果园-北辛安五道口-食尚川味
2015/9/26,100157,石景山区苹果园北辛安大街32号,116.187381,39.928333,I1-3,I1-3苹果园-北辛安-特色羊杂汤馆
2015/9/26,100200,石景山区苹果园北辛安和平街一号,116.187381,39.928333,I1-3,I1-3苹果园-主食厨房2
2015/9/26,100201,石景山区苹果园新生活5层3号川味家常菜,116.187381,39.928333,I1-3,I1-3(苹果园)-石景山区苹果园川味家常菜
2015/9/26,100206,北京市石景山区北辛安首钢东小门,116.1616365,39.9217663,I1-3,I1-3(苹果园)-北辛安-山西小吃
2015/9/26,100221,石景山区模式口西里首钢小区,116.153108,39.934327,I1-3,I1-3苹果园-模式口西里首钢小区-放心家常饼
2015/9/26,100222,石景山区苹果园北辛安,116.187381,39.928333,I1-3,I1-3苹果园-北辛安-筷火麻辣烫
